generated_index,generated_cdrh3,generated_len,best_natural_cdrh3,best_natural_len,best_identity
1,ATDPIDDHMDPSSLEY,16,AKDPPNYYYYGSGSFEY,17,0.4117647058823529
2,AREYDGGGDYDGQGYFDV,18,AREGGYCSGGDCYSGLGWFDP,21,0.5714285714285714
3,ARLSGCLYWWYYGSYVNHI,19,ARGLSYYPLYGSHINYIDY,19,0.42857142857142855
4,TRSGSNWDSIHSWDFAY,17,ARAGVLRNFDWLLSSGFAY,19,0.42105263157894735
5,VRSRRVVTEWV,11,VRDRRIVGYYFGLDV,15,0.4
6,AKDLPGPYGGGDAW,14,ARDLGPLGGNDY,12,0.5714285714285714
7,ARTVDGSHDYGEDY,14,ARDGGGDYGED,11,0.6428571428571429
8,VRQEILTTLYTWSDY,15,ARVDYDILTDLYYFDY,16,0.47058823529411764
9,ARAPDSSTYYFD,12,ARASSSLTYYFDY,13,0.6923076923076923
10,ARMDGSMPNGYSYYIDS,17,ARLGHGYSYGYIDY,14,0.5555555555555556
11,KRPGYPYDYDDFDG,14,ARPYLRYFDYDAFDI,15,0.5333333333333333
12,AREPEELDTVELSHAYDM,18,ARRAIDSDTYVEQSHFDY,18,0.47368421052631576
13,AREWSTRCGGYNWSYVP,17,AREVLTTVGGGNWFDP,16,0.5294117647058824
14,AAELRDDEPDAGWFQYFYY,19,ARDPDSGWYYYFEY,14,0.5263157894736842
15,ARGYYQYGDLYVDYY,15,ARGYGDLYFDY,11,0.6666666666666666
16,VKDFYQRWTRTGY,13,AKDIGTQLWVTVFDY,15,0.4
17,ARGELGGVYLMED,13,ARGELGIPYGMDV,13,0.6153846153846154
18,ARDFPGHYMVF,11,ARDLGYFDF,9,0.5454545454545454
19,AKDKGSYDSDGWTYSGYFDI,20,AKMGGSYCSAGDCYSSYFDY,20,0.6
20,ARDITEGGNDYYLLDP,16,ARITLDSNDYVLLDN,15,0.625
21,ARDRYRGFNPQDYYDAAFDP,20,ARDLKKGGIQYDAFDI,16,0.5
22,ALVRSYHRFSYGATTAY,17,AREYEGSYGAFDY,13,0.47058823529411764
23,AKDSNYDSSGGDYFDY,16,AKDINYDSGGYHKNYFDY,18,0.6666666666666666
24,ARDAPADVGDVPY,13,ARDAYYYGDYDY,12,0.5384615384615384
25,AREDARWDIDYSDDG,15,AKDARASLDYFDD,13,0.5333333333333333
26,ARGTDRTSSRDPYYWMYY,18,ARDPSSRGYYGMDV,14,0.5
27,ARSLDAFDIYVMSYYL,16,ARDLAYRDYVWRYFDL,16,0.47058823529411764
28,ARPQDKSSFTGIS,13,ARDPGYDFSSGYYTAIDS,18,0.5
29,ARVASGYVSDYAYYMAFGM,19,ARAGYSSYYYYMDV,14,0.5263157894736842
30,VKIGFFGFEYSYFDFDP,17,VKDGGSEVAPFDLFDY,16,0.5
31,AKEFGSWGFYSYQYFSY,17,AKCFYSYGYPCYYFDY,16,0.5294117647058824
32,ASLQILPYRTFN,12,ARSYDILTGYRDAFDI,16,0.4375
33,AKDGHNGGGGLAWAFGV,17,AKDQNGDGERAFDY,14,0.47058823529411764
34,ARPDGDLTFTNDAFDL,16,ARDGGRPGDAFDL,13,0.5625
35,AIDFFLQYSVGADGF,15,AKDTTYFDFLTGSGMDV,17,0.42105263157894735
36,ARDGGCLGCGGNALFYP,17,ARGEVLTSGGYNARFDP,17,0.5555555555555556
37,ARELRGVWSWSFQD,14,ARELGVYGDHFGDH,14,0.5333333333333333
38,ARSPGYYRWDFRPWIY,16,ARGDGYYFPLDY,12,0.5
39,ARGRHTTPWSYD,12,AREGCRSTTCYDY,13,0.5
40,AIEGQGGTTYE,11,AREGVGGTSYFDY,13,0.5384615384615384
41,ARGTVLYFNYIDL,13,ARGPNLYNWFDL,12,0.6153846153846154
42,ARAREFRYFDPYYYQYGLDY,20,ARSRGDYHYYYFYGLDV,17,0.55
43,ARDRGTSDDMVGSMDV,16,ARDRGYSDYGSHYYMDV,17,0.5882352941176471
44,ARLLSIYIHFFVHDWLDL,18,ARLVSFDWLADF,12,0.47368421052631576
45,AGVRAYPSMELPYWEGEDY,19,ARELPHWEGYFDY,13,0.5
46,AAEYAYYGSTTGYLDY,16,AREDYYDSSGSLDY,14,0.5625
47,ARGTPTGIGDF,11,ARGTDWGIGWFDP,13,0.6153846153846154
48,GKDGTGSYSDDYHFLY,16,AKDLGSGDGYNFSLDY,16,0.5
49,AKEGGYGIDWWYDG,14,AKEGGRRDWYFDL,13,0.5714285714285714
50,ARGNNRRLGNRIDD,14,ARGPNLYNWFDL,12,0.5
51,AREKWNRSPGGAYYFLF,17,ARARGYSSSGSAYYFDF,17,0.5294117647058824
52,ARGGLDTVSAIY,12,ARGHTVTVAAIIY,13,0.6153846153846154
53,AKNTIDWGFDVDFYAD,16,AKDIGKIVDFYGMDV,15,0.5
54,ARGSDKAYRSSFDVPGDP,18,ARQKKYSSSPFDP,13,0.5
55,AKDRGPAFGVAAYAPPY,17,AKDRGFGEYYFDY,13,0.5294117647058824
56,ARDQYRYDAPYERYLDV,17,ARDRDLYERAFDV,13,0.5882352941176471
57,ATDNGTIGSDFDATQD,16,ARGTDWGIGWFDP,13,0.4444444444444444
58,TRTVEKFGYYGFDV,14,ARELGYYGMDV,11,0.5714285714285714
59,ARDEDFYYVFHYCPWTFDY,19,ARGDYYGSGKYFNPLPTFDY,20,0.47619047619047616
60,ARVYDSSWSGFVDY,14,ARTYGSGSYSDFDY,14,0.6
61,ARATVDMGSYL,11,ARDREDGMGLWYFDL,15,0.4666666666666667
62,ARDDSAPTMAGPYLRV,16,ARELVAPAAGYMDV,14,0.5
63,ARPRDGDAGFLFYY,14,ARDRGDSLFDY,11,0.5714285714285714
64,ARGSGSAGRWYEG,13,ARGEGSPGNWFDP,13,0.5384615384615384
65,ARDRYLTWDLYDNYDN,16,ARDAYYYGDYDY,12,0.5
66,ARDYGYHYLFSYFAYDL,17,ARDGYPYYFAMDY,13,0.5882352941176471
67,ARDPWYIGYLGYNWYDC,17,ARDQGYSGYGVNWYFDL,17,0.6111111111111112
68,TTERYVHESSWSDDI,15,ARVTHSSSWADAFDI,15,0.47058823529411764
69,ARGTVDGISTRWHSGS,16,ARGSTVLGLSSLRYYSSLDV,20,0.45
70,AKAFTPRSNAYDDD,14,AKGPRSNHDYFDD,13,0.6
71,ATDEVLFDWPL,11,VKGLFDWFPL,10,0.5
72,ARQIANYMTGY,11,ARDIEAAAETFDY,13,0.46153846153846156
73,ARAYEDSGVCHYWFDI,16,ARADSGSYSWWFDP,14,0.5625
74,ARDTDSANAYGGDDQ,15,ARDRSANYYGDDAFDI,16,0.5882352941176471
75,AADFGYASSAPIIYAFDV,18,ARDRGYDSSGPDAFDI,16,0.5555555555555556
76,ARDAFGVLGYDPPR,14,ARDFGELGTPPDY,13,0.5714285714285714
77,ARAAFYGWWCFDY,13,ARALPYGDLHFDY,13,0.6153846153846154
78,AKGGQPVWMGDGYIEY,16,AGGGSVVVAADFYLEY,16,0.5
79,AREGSEYEYAMD,12,AREGTFSYYYYYAMDV,16,0.625
80,ARDNIQYASHHEMKRY,16,ARDIEAAAETFDY,13,0.4375
81,VTLIGGYDDHRQAFPI,16,ARLPYGYDYVEAFDI,15,0.4375
82,ACDRGEDANPIYGFAR,16,ARDFGGNANYFAF,13,0.5
83,AKGRGSSLQYDYFVI,15,AKGHRGSSDYMDV,13,0.5625
84,ARDRNTWILYHDD,13,ARDLVTWGLDY,11,0.5384615384615384
85,AKDYPPASRYSGYYQYAMDY,20,ARDPAGRYSYGLYYFYYMDV,20,0.5909090909090909
86,AGEFGSVYEYIYDD,14,AKPFGYSGYDPEYSYDMDV,19,0.5263157894736842
87,ARGWLRYLTTASPWAYDV,18,ARALRYSTSWYDY,13,0.5555555555555556
88,ARGEDIYGDGSAFDR,15,ARGDYGDYGEFDY,13,0.6
89,AHDDEGDTSSLVAAYGY,17,ARDSEDCSSLSCYLDY,16,0.47058823529411764
90,ALDKQYCTSSLTLGFGDVM,19,AKDHRTSNLYGMDV,14,0.42105263157894735
91,ARSSGGAPLDPDPSGMDV,18,ARDLGPDGMDV,11,0.5
92,ARVGAGYTDAFFPY,14,AREGLGYTGDDNFDY,15,0.6
93,ARRDLAMWIMSGFD,14,ARDLEMAGGFDS,12,0.5333333333333333
94,VRGQVGNNYQQGYGM,15,AREMAGSGNYYWFGYGMDV,19,0.42105263157894735
95,ATHSVYSPPYYG,12,ARHDSSYVPPGL,12,0.46153846153846156
96,ATQKLMHISVWFFI,14,ARDALTSISVLFDC,14,0.42857142857142855
97,ARDRVDGSGYDRYYDY,16,ARTRIGGYDYYFDY,14,0.625
98,ARAGGNYSSDT,11,ARASQGNYFDF,11,0.5833333333333334
99,ARVPVGAGYGTGDS,14,ARETVGAAGYGAFDL,15,0.6
100,AKDTLAGGEGSIDI,14,AKDPWGELSSIDF,13,0.5
101,ALDFSSGVSNIGGDYRY,17,ALASGSYFGGANY,13,0.47058823529411764
102,ARDNMGEQSETCSSASFTS,19,ARDMGSAMVAYFDS,14,0.47368421052631576
103,ARDRGYTSWMGD,12,ARDRGYSSGWTDGFDI,16,0.625
104,ARLPIDPYSAGDYDDD,16,ARLDGYSFGHDRYYQDGMDD,20,0.5454545454545454
105,AKLSLSSYAYGDS,13,AKHSRNSYDYMDA,13,0.5384615384615384
106,AHDRCWTYVAPI,12,ARDRILTPDAFDI,13,0.46153846153846156
107,AKIPLDMYYRSGLDFDY,17,AREPTYYSGFDY,12,0.5294117647058824
108,VRDWQGTPSDWWGDY,15,ARDISGTYGDYFDY,14,0.4666666666666667
109,TRWFSGYYIGGWFCA,15,ARHSGYDLGGAFDI,14,0.4666666666666667
110,AKDCGLLQDSLDPYYQP,17,AKHGGLLDTSLDQYYFDY,18,0.5555555555555556
111,ASDEVGTDGYGPDD,14,ARDVGDYYGMDV,12,0.5714285714285714
112,ARPQVSHRWYDPDI,14,ARGWVYSSGWYDAFDI,16,0.5625
113,ARAHPALVLATYDD,14,ARARQLVLNWYFDL,14,0.5333333333333333
114,ARERVSSAYSSSED,14,ARERGYSAYGASWYFDL,17,0.5294117647058824
115,ARSQADYDYDVSYDDS,16,ARADYSDYDNYYFDY,15,0.5882352941176471
116,ARELPYLLMNTVFFV,15,AREIPPPLGNTWFDP,15,0.5333333333333333
117,ARVIGLYGLTGRSMDV,16,ARSILYGGGMDV,12,0.625
118,AKGTWDYIDWY,11,AKGPRWNSDYFDY,13,0.5714285714285714
119,ARYATYPIGPFF,12,ARATYYYGDFDH,12,0.5384615384615384
120,ASMSERTADGMYF,13,ARMREVRGGDYGMDV,15,0.4666666666666667
121,ARYGRWLYYGDDDYPQY,17,ARGRLGGFDSYLDY,14,0.5294117647058824
122,ARNESLGYSDDFDP,14,AREGLGYTGDDNFDY,15,0.625
123,ANVPEVNGFSH,11,ARVAYVNSAFYSHLDS,16,0.4375
124,ARDVPSWGAVYARCGLDS,18,ARDHDYDSSGYYYPASSGLVDS,22,0.5
125,AHSAVYPEDSYFPDLDN,17,ASHSAGYGDSYETFDI,16,0.5
126,ARLSDDRDTDD,11,ARERDDYDTRLD,12,0.5833333333333334
127,AKEPGEMFTSYWTDSDV,17,AKEEGEMTTHFDY,13,0.5294117647058824
128,VKCRGYGLNNYYISY,15,VRGRGGTNWYYY,12,0.5333333333333333
129,VKRLGTDTFRDNDAVFDF,18,VKDLGDIVVFDAFDI,15,0.5
130,ARGRGTSDGGFPYGFDI,17,ARDLGPYGFDI,11,0.5882352941176471
131,AREGTGTDFPQFDL,14,AREGLTGTTLSFDY,14,0.6
132,ARGLDRFGYED,11,ARDRGGYPDY,10,0.5833333333333334
133,ARGTGYWWLSL,11,ARGHWGYFDWSL,12,0.5833333333333334
134,ARLIGAASYDPWDTDWWDV,19,ARELNQGYSGYDWWDHDAFDI,21,0.47619047619047616
135,AKGFGPDSYLSSYTFAS,17,AKFGGGPTNYDFRSASPYHFDS,22,0.5
136,ARDYCTYHRGEYYALEY,17,ARDGYPYYYALDY,13,0.5294117647058824
137,ARLIGTPYDDY,11,ARGIVGATPGYFDY,14,0.6428571428571429
138,ARVLQYSSADE,11,ARALRYSTSWYDY,13,0.5384615384615384
139,TRSEMTHADTAYYGWAY,17,AREGLGATAYFDY,13,0.4117647058823529
140,ATVEWGSTSRGGLDFDY,17,AKDLVSSTSGGFDY,14,0.5294117647058824
141,ARETGTEDPDGCGALDISM,19,AREKNTGYIDFDPWGAFDV,19,0.47619047619047616
142,ARGGTGYDTYF,11,ARDGRGYDDY,10,0.6363636363636364
143,ARVAWPYIYAYDV,13,ARVYGGLPYYYAIDV,15,0.6
144,VRDLGYPGQDLDCMTEVIDN,20,VKDIGYGQLVDVFDI,15,0.45
145,ARQQYVYEIDFGCRGP,16,ARQVYFGESFGLGY,14,0.5
146,AREFDVYFKGDFDV,14,ARDLDVFGLDV,11,0.5714285714285714
147,ASDDILCGYNSMDP,14,ARDLDILGGMDV,12,0.5333333333333333
148,AGDFVYYGGSSACGADW,17,AKGGFYYYGSGSYDYGMDV,19,0.5263157894736842
149,AEDEKQDDTGSPGAMDS,17,ARDLRKDDGYSYGAFDY,17,0.47058823529411764
150,ARDNLFSQNGHCDP,14,ARDLGGNGHFDF,12,0.5714285714285714
151,ARFKDAAKSDYCGKDFFDV,19,ARAASWDYCGNNNCFGDY,18,0.47619047619047616
152,AKSGRVILSPVLLDY,15,ARSGREFSSLDY,12,0.5333333333333333
153,AKDASDGFRYSEYFDI,16,AKDIGRFIYGEAFDI,15,0.5625
154,WRDDNYDTSYYMPF,14,ARGDYGTSYAYFDF,14,0.5333333333333333
155,ARQMGYTSGFDG,12,ARGGYSSGFDI,11,0.6666666666666666
156,AREFYSADTYGLLFGFDY,18,AREYSSSWYGLGAFDI,16,0.5555555555555556
157,ATDLWTRSPKFFDV,14,ARDLWGSGFFAFDV,14,0.5
158,ARGLGYQDYWASYETDP,17,ARGRGYSGYGASYYFDY,17,0.5882352941176471
159,ARGGYSEGGLEFDD,14,ARGGYSSGFDI,11,0.6428571428571429
160,ARDSTSDWGSNYYFSD,16,ARDVGYSDSGSSYYFDY,17,0.5882352941176471
161,ARHFIVETSSS,11,ARGFIATVEETMDY,14,0.5
162,ARGGLYHEPGECFM,14,ARDGLPGVGEMFDT,14,0.4666666666666667
163,VRGHYEDDYDDTYLAMDH,18,ARGGYTDNSDWYDNPNDLDYAMDV,24,0.4583333333333333
164,AKSGHVTSCYGLFYMDP,17,AKQSGPYCSGRSCYSGLFDY,20,0.5
165,ARSGYVGGLGCGFDL,15,ARSRGYNYGLGLGWFDP,17,0.6470588235294118
166,ARDTRTRDYWEYLP,14,ARDTTDDYYVI,11,0.5714285714285714
167,ARDLVGAYIGDYPDAMDD,18,ARDQVSPYCGGDCPDAFDI,19,0.5789473684210527
168,ARPFSYGTGYSVFLDI,16,ARDFYEGSFDI,11,0.5625
169,AKAGCYYGYDGHSSYDV,17,AKEGTYYGYDGVLAD,15,0.5882352941176471
170,ARGLGGRTRMDDYHNMDI,18,ARGVGGTVMDPYRFDY,16,0.5555555555555556
171,ATDNGDGPVGEF,12,ARDGGGDYGED,11,0.5
172,ARDWSLFSGLDE,12,ARDWSLVPASGPFDI,15,0.6
173,ACHYGSDSLTP,11,ASAHYYGSSSSFPY,14,0.5
174,ARGYSNLWEYYFDH,14,ARVGEYYSDRSAYYFDH,17,0.5882352941176471
175,ARNDGFYVFFIY,12,ARDYGDYFFDY,11,0.5833333333333334
176,ANSLIGGDRYWGADSDP,17,AHLVGGLWGFDP,12,0.47058823529411764
177,AKEQLYYNMLYDLSYYGVDY,20,AKEQSYDTLTGLYYFDY,17,0.55
178,ATDYVRYLYTGVFDH,15,AGDYGDRYYYFGLDV,15,0.5
179,AKAEVPSFDGTMDD,14,AKDAPSSSRDSFPDD,15,0.4666666666666667
180,ARVVVFGYGYSYYD,14,ARVVGYSGSGSSYYFDS,17,0.5882352941176471
181,ARDFQYSSCAVPSYELT,17,ARDFGYYAAGSYFDY,15,0.47058823529411764
182,ARGTGFYPFDIRSDEPYHDV,20,ARGGFVPNIRWPQDY,15,0.5
183,ARRRGEFNSSWYGYLYFDM,19,ARARGYSSSGSAYYFDF,17,0.5263157894736842
184,ARSVGPPIGGGPDGNVT,17,ARWVPPRGYGMDV,13,0.5294117647058824
185,VRDDFGSSIDDFAYYFDV,18,ARDFGDFYFDV,11,0.5555555555555556
186,ATHPWDRYFNRYLFNY,16,AHTTRYSNRFDP,12,0.4375
187,SRDMSMEAYYGLYYFDQ,17,AHKSRPYSVAYYDDYYFDY,19,0.5
188,TRDWGEVYEYGYDY,14,ARDWGEYYFDY,11,0.6428571428571429
189,AKDNWFDSAADAQEPMFY,18,AKDEGSEGDQLPLDY,15,0.4444444444444444
190,ATGRYDTSPELYEILDL,17,ARVRYDSSGLYWYLDL,16,0.5882352941176471
191,ARDGGVSLGTDRVYPGDY,18,ARDDGVGGTMDDYFDY,16,0.5555555555555556
192,ALGYQEPGFDS,11,ARGPPGFDS,9,0.6363636363636364
193,ARDSIGGWEDI,11,ARDSSGGDDAFDI,13,0.6153846153846154
194,ARGIGKIGSFYFLPAFDY,18,ARGDGGSYLGGAFDI,15,0.5555555555555556
195,ARGYIELVRGF,11,ARGYWTETLPVFDY,14,0.5
196,AKETDDDVVCAPSFLI,16,ARDLSVVGAFDI,12,0.4375
197,ARGGPGDYYEGTNDL,15,ARGGGHYYGMDV,12,0.6
198,ARDLTFGGSDEAFY,14,ARDLSGGLDY,10,0.5714285714285714
199,ARHGEYYQAYRYGLDF,16,ARDGYPYYYALDF,13,0.5625
200,AHGPRVWFAYEGGIYY,16,AKPQYSYGYEEGIYFDY,17,0.4444444444444444
201,ARLGAVGSSRDDPNAMDV,18,AREGIAVGSGGDDAFDI,17,0.5789473684210527
202,ARDEIEDFYDAYGTYG,16,ARDDYDYAGAY,11,0.5
203,ARDGYSPDYYSAEGFGYGF,19,ARVGGSYYSAEYFQY,15,0.5789473684210527
204,AREDGLTTFGVWVWGLT,17,AREVGGTFGVLISREGGLDY,20,0.47619047619047616
205,ARRNRSRLGIV,11,ARDASRYGMDV,11,0.5
206,ARQLNPVTTYWDY,13,ARDQGNMVTWFDY,13,0.5714285714285714
207,ARDSGYHNTDGEAP,14,ARDRGYSSGWTDGFDI,16,0.5
208,AKPNRVGGGNVWYYYEP,17,ARVGFGNVWYLFDF,14,0.5294117647058824
209,AKTEPVPGFWGDLYIDD,17,AKEGPGASGFNYFDY,15,0.47058823529411764
210,ATVAVLGVWLPFPYAFDA,18,AKAVSGWPIYFDA,13,0.5555555555555556
211,AKHYRPTEYFISA,13,AKGPRVTTEYFEY,13,0.5
212,ARGTYCYVAFGH,12,ARATYYYGDFDH,12,0.5833333333333334
213,ASWRRGIDLGDPDD,14,ASRGGAYLGDVFDI,14,0.5333333333333333
214,ATDRYMGGGSVYAFDY,16,ARYGGGDAYFDY,12,0.625
215,ARSPLHYAWLDFFE,14,ARFDLHAWYFDL,12,0.5
216,AREVTAIGSKYMWGAYFGR,19,AREYEGSYGAFDY,13,0.47368421052631576
217,AREMKPDERRPFYHYADVF,19,AREMETSPLYGMDV,14,0.47368421052631576
218,ARDNGYGSSHRYAYDY,16,ARDQGYYGSSGSAYYFDY,18,0.6111111111111112
219,AKTLRSVHYLRFDV,14,AKDLGSYAYLFNYFDY,16,0.5
220,ARGVGFMEYPAIYAFDY,17,ARGGMVGAEYYFDY,14,0.5882352941176471
221,TKSDWGIVYGADDGFDN,17,TRDRGGVGDGFDM,13,0.5294117647058824
222,AHLLNSGGMHLDP,13,ARDLSGGLDY,10,0.5384615384615384
223,AKDVLGHGDRSFDDV,15,AKDQNGDGERAFDY,14,0.5333333333333333
224,ARDGSSPYRCYVAEL,15,AKDKDSSWPYRYFDL,15,0.5294117647058824
225,ARMGYPYGVVSLWYPDV,17,ARMPPGVVHNWFDP,14,0.5294117647058824
226,ARYTNPQDDYSDYAACFDM,19,ARDLRDQDGYSYGAFDY,17,0.5263157894736842
227,ARALFDSSFVGPPIGFMI,18,ARASFDSSGYLNYFDY,16,0.5
228,AKEFTAAGIDYAYTGE,16,AKDVGSAAAVDYFYH,15,0.4117647058823529
229,ARDEVWPTQWTLYDDDV,17,ARDFEVSPLYGMDV,14,0.5555555555555556
230,ARSAGSTVVMI,11,ARASWGSTLDY,11,0.5
231,VRTYGIAETNGSYWSDS,17,VRVLPGLAENWFDS,14,0.5
232,ARARCTGTGCLDGFIV,16,AAPNCTRTTCLDGFDI,16,0.5625
233,TTALRNDGFDFYP,13,TTARWDWYFDL,11,0.46153846153846156
234,ARGGIGYAYFDTDYAFDH,18,ARGGIVGYTYGNWYFDL,17,0.5789473684210527
235,ARELYDGIGGYVYDPPFHM,19,ARELYYYDRSGYYVHDGFDI,20,0.5238095238095238
236,ARDIDPRVFFS,11,ARYIPRFDP,9,0.5454545454545454
237,ARRWGYYYSYVGVYSY,16,ARGLGGGYSYGYDY,14,0.5625
238,AHDLGSLLWYFVH,13,ARDLGSYLDY,10,0.5384615384615384
239,ARWYRAYDDNPTFYNDS,17,ARERAYDSSGPKGYFDY,17,0.5
240,ARGTFTTYPSGWFYG,15,ARGTFFSWWFDP,12,0.5333333333333333
241,ARRNTMHYTDSDHYTDY,17,ARAGTTNSDYFDY,13,0.5294117647058824
242,ASASVWMTLFGDG,13,ASWAGSVGPGWFDP,14,0.4666666666666667
243,AKPDGMVKTEYGGDY,15,ARGGMVGAEYYFDY,14,0.5333333333333333
244,ARGFSVSRDFSANFH,15,ARDTSVLYDFWSAYFQNAFDI,21,0.47619047619047616
245,ATDGRAQEGAGWFDI,15,ARDFREGAFDI,11,0.6
246,ARRSGQDLGTDDRY,14,ARESGSYGTFDY,12,0.5714285714285714
247,ARGDVEPSAVRYRY,14,ARGDYGISVADSYFDY,16,0.5
248,AKDRGGEYDLWDSPYGEGF,19,AKDRGFGEYYFDY,13,0.5
249,VRGNYDHDYWSWDDG,15,ARRGYYDYDVWGWFDP,16,0.5
250,ARTGSGGGWHLDY,13,ARDLSGGLDY,10,0.6153846153846154
251,ADALQLSLLNYYWYMGI,17,ARARQLVLNWYFDL,14,0.47058823529411764
252,ARFYYLWGGRQTVSDYIGF,19,ARFRYGGGGTVDY,13,0.5263157894736842
253,AREGNYDDGGYLYFIDY,17,AREDVGGTGYFDY,13,0.5882352941176471
254,LKAALFPGVSGWCGY,15,AKGAFPGYSSGWYYGLDVW,19,0.45
255,AREEAPYYVTGCLIHDFGF,19,ARAHYYVTSDFDY,13,0.47368421052631576
256,ARDQSGYSTSDDAFDV,16,ARDTSFSVTTPDDAFDV,17,0.6470588235294118
257,ARSTNARAPMVCGFYY,16,ARDMAFSMVRGSFDY,15,0.47058823529411764
258,ARDTRSFDIKYCFDY,15,ARDRGDYLFDY,11,0.6
259,AKERDPVHHLSDVGLDG,17,ARDLSGGLDY,10,0.47058823529411764
260,ARGETQMYCTLDDGAFGY,18,AREGLGYTGDDNFDY,15,0.5
261,ARDSGESYSDAYIG,14,ARDPGGSYSNDAFDI,15,0.6
262,ARMYVANSGWSPPDY,15,ARVQVAAAGSPYDY,14,0.6
263,AKDITRGWTDAHLDGFFDY,19,AKDTRRSSDYRLDEQYFFDY,20,0.5714285714285714
264,GKDMSFWYGNVYYGMDW,17,AKDSSSWYNYYGMDV,15,0.6470588235294118
265,ARGRYFVDYWD,11,ARGKFDY,7,0.5454545454545454
266,ATDKVDSSPFYFDF,14,AKVDSSGPAWFDP,13,0.6
267,ATDPGPAYGGYFY,13,AKDQGYSYGNYFDY,14,0.5714285714285714
268,AKTSWTSPDGDDYGYDY,17,AKDSRTSPLYGMDV,14,0.5294117647058824
269,AREDLVIYSWAIDN,14,ARDLGIAGAIDR,12,0.5714285714285714
270,ARDGGGPGGAYLYDP,15,ARDGGRPGDAFDL,13,0.6
271,TSPRRTGWSGSGDK,14,ASSRYDFWSGSFDY,14,0.5
272,TRLSLYSYSDWLDAI,15,ARRSGYTSGSDWLDP,15,0.5625
273,ATDPGIFGAYGIDY,14,AKDRGFGEYYFDY,13,0.5714285714285714
274,AKPGIGAVGLGLFPAFGR,18,AREGIAVGSGGDDAFDI,17,0.5
275,AKATSTDPLGDNPDFYYYI,19,AKDGSATKVLWFNPENYYFES,21,0.42857142857142855
276,ARGIGEDTSRF,11,ARDQGEDTFDI,11,0.5454545454545454
277,ARDSGATDQVY,11,ARDGGAYDRFDY,12,0.5833333333333334
278,WTIWRLEVWFFFSLSMDI,18,ARGEVQPFLLAFDI,14,0.3888888888888889
279,ARDAGYSGFGYGTFEE,16,ARDEGYSGSGSNNWFDP,17,0.5294117647058824
280,ARQQPKYGAAGTTCPLI,17,ARDPFPGAVAGTGYLQY,17,0.4444444444444444
281,ASVYGGVYLGSYGYAFDS,18,ARGDGGSYLGGAFDI,15,0.5555555555555556
282,ARDGTRSSGCGLGFDV,16,ARDDSSSSGVGTGMDV,16,0.625
283,ARERCSEYFSSTDYFDD,17,ARERGYSAYGASWYFDL,17,0.5555555555555556
284,AKYPLGSPYYYPLS,14,AKDLLGNYYYYTLDV,15,0.5333333333333333
285,ARSFPSGSYVYGVYRSFDF,19,ARGGSGSGWYGGRFDY,16,0.5263157894736842
286,ARAHGLSYTFLNV,13,ARRGLGGEFLDV,12,0.5384615384615384
287,ARAMFEYSSGAKDGFQR,17,ARDRGYSSGWTDGFDI,16,0.5294117647058824
288,AREGSRMNEGSGNYQYIDF,19,AREGSRDAYGAGIDYFDY,18,0.5263157894736842
289,ARVRGSGIAGSNTGFDL,17,ARVGVSGFKSGSNWYFDL,18,0.6111111111111112
290,ARDTTYAYWYR,11,ARDTTDDYYVI,11,0.5454545454545454
291,AKVRRLICSYSYAYY,15,ARGLGGGYSYGYDY,14,0.5
292,ARDMLPCNFKSSDYLYF,17,ARDSEDCSSLSCYLDF,16,0.47058823529411764
293,AKGTTPPYGMLAYVDS,16,AHTTPPGDAFDI,12,0.5
294,ARVDNSRTYQYDGFDV,16,ARVDSSGWYTGDVFDV,16,0.625
295,AKYFAGAASYFYDY,14,ARYGGGDAYFDY,12,0.5714285714285714
296,AKQLYGEATKAPNDFNY,17,AKDLYYYDTGAPYYFDY,17,0.5294117647058824
297,ARLKCPWLSDYADGF,15,AKSPRSSHDYADW,13,0.5
298,ASWFCPYGFPDFPG,14,ASWLYGDPISFDY,13,0.4666666666666667
299,AREFMSLGGIRLDY,14,AREDSGSSRLDY,12,0.6428571428571429
300,ARPSSSSETCYYLFNI,16,AAPSCSSTICYDGFNL,16,0.5625
301,AKVAGDGSGGTDPYYDGAM,19,AKGGDGSGEDDAFDI,15,0.47368421052631576
302,ATQVNPFTWLELDYPDFYF,19,ARQGFFEKLLYPDAFDI,17,0.45
303,ARASHGLSFYPYYCDYFDV,19,ARAGYSSYYYYMDV,14,0.5789473684210527
304,ARADAPVDFDF,11,ARASQGNYFDF,11,0.5454545454545454
305,AKSVYYLWGDWDILQY,16,ARPSGADYYDSSGDYDLRY,19,0.45
306,ARQVGITDSYFFY,13,AREGVGGTSYFDY,13,0.6428571428571429
307,ARSNDVHDLYGGHGL,15,ARDVGDYYGMDV,12,0.4666666666666667
308,ARDYGLFGEMSTGFTY,16,ARDLGWFGELSGGFDI,16,0.625
309,ARGAVDWSGICGFDLDV,17,ARGVAVDWYFDL,12,0.5555555555555556
310,ARNIYGSYPYSWYYFDP,17,AKNGQGYGSSWYYFDY,16,0.5882352941176471
311,AQLYDGGSLFDLGH,14,ARQVYFGESFGLGY,14,0.5333333333333333
312,AREVFYDMSIVTS,13,AREVYAMDV,9,0.5384615384615384
313,ARDARADYSSLPYSLYDGI,19,ARDRGDRSGWPDALDI,16,0.5263157894736842
314,ARDVSPPGSGWFWGTDI,17,ARDWSLVPASGPFDI,15,0.5555555555555556
315,VRAESCGYYWYLTDP,15,ARVEYSRGYYWYFDL,15,0.5625
316,AREGNIYDFTYLDNNPFDS,19,AREGIAAFYLYFDL,14,0.5263157894736842
317,ARGQVESDTYSPD,13,ARGLDGSSSASPDS,14,0.5
318,ARESSPSDADWPDD,14,ARGSSPTGDEAWDAFDI,17,0.5294117647058824
319,VRDSSPLGDFGVDLEFSV,18,ARDGPGDKMVTLFDY,15,0.4444444444444444
320,ARDMQVLLFDL,11,ARARQLVLNWYFDL,14,0.5714285714285714
321,AQDSCLGDVATYDDG,15,ARCNGDAYFDS,11,0.4666666666666667
322,ARELGSDGGMSNDD,14,ARELYSAGGMDV,12,0.6428571428571429
323,ARAIGMSQVVSTTAGLY,17,ARAHSVTVAGVDY,13,0.5
324,AKEELGYSTFYYRH,14,AKEEGEMTTYFDY,13,0.5
325,ATEIDYRYMSHAFDP,15,ATIPYHYDSSGAFDI,15,0.5625
326,ARDSRQSTQYDFA,13,ARDQRDFA,8,0.5384615384615384
327,ARGSCSGGNCSYGFDI,16,AAPFCSGGTCSDGFDI,16,0.6875
328,AKGEGSFMADFCG,13,AKDVGSAAAVDYFYH,15,0.4666666666666667
329,ARGKGHSMWLYLLY,14,ARGGSSSWLWYFDL,14,0.5333333333333333
330,ARDSANAGNLDMMF,14,ARANGILDF,9,0.5714285714285714
331,ARDDIGETPYV,11,ARDVLGETGMDV,12,0.5833333333333334
332,ARDRDYTSRYVDFYMDY,17,ARERDYSDYFFDY,13,0.5882352941176471
333,ARDRIRGISESGHGHDG,17,ARDRLRYGDSGSYYYYGMDV,20,0.5
334,AIDYGYSDYGGNYENDL,17,AKDQGYSYGNYFDY,14,0.5882352941176471
335,AKETGGGPAKFGKDYDL,17,AKARLTGTNPWKFGEDAMDV,20,0.5
336,AGDRTSGNYYPPFY,14,VGDRYSGYGPFDY,13,0.5714285714285714
337,AKARDRTSYSCYFFFDR,17,AAVDCNSTSCYDAFDI,16,0.5294117647058824
338,AIDKGTVCGFASDLYFDY,18,ARDDGVGGTMDDYFDY,16,0.5555555555555556
339,AKGYCSGCTYDDAFDI,16,ASGYCSSGSCHAGDAFDI,18,0.6666666666666666
340,AKNGFNGSYCDGGNRYFGN,19,AKAGGSYCSGGNCYQNYFDY,20,0.5454545454545454
341,AKDNYPEVRYGAYDL,15,AKDIYSTYGAHFDY,14,0.5
342,AKGRLTLAASGHYDFDI,17,AKYGWGLLAAAGDAFDI,17,0.5555555555555556
343,TRLPASLNADV,11,ARLPAFSGYDLWASGDY,17,0.47058823529411764
344,ARDPYTRDRDYHYCSY,16,ARDTTDDYYVI,11,0.5
345,ATQGQWSDSGNYFDS,15,ATQGWLRGYFDY,12,0.6
346,ARSWGPAHMTSVLAPIGFDI,20,ARGAHNWGAEDGFDI,15,0.5
347,ARGVGSSPQQVGWALDV,17,ARDLGPVGATDV,12,0.5294117647058824
348,ARDGDGVCEGWFGL,14,ARDGLPGVGEMFDT,14,0.5333333333333333
349,TSSYCGGQACVYYFDM,16,ATGVRYCGGGSCNSAYFDS,19,0.47368421052631576
350,ARDLGQRGLWYDY,13,ARDLGTGLFDY,11,0.6923076923076923
351,AGSPLNYSGFIYLMWFDY,18,AGSDNYGFPYNGMDV,15,0.5
352,ARSEGDGDSRSNSDF,15,AREDGGSSRLDY,12,0.5333333333333333
353,AVDNYFRDPLYYDN,14,ARDYGDFYFDN,11,0.5
354,ARDNSYVVEKWSIYF,15,ARDWSLYGGEKFDY,14,0.5
355,ARLGWDYDLGY,11,ARGHYDLFDY,10,0.5833333333333334
356,TRALGDDGSHDVYY,14,ARDLGPDGMDV,11,0.5
357,ATGYYTYGSFDFSYEFDH,18,ATNSAGYGDSYETFDI,16,0.5263157894736842
358,ATARDGMGNMDHRLDY,16,ARDGGAYDRFDY,12,0.5625
359,AKAFGMDWGVDYYYIRDY,18,TKAFWGGDCGGDCYGVDY,18,0.5263157894736842
360,AKSQPCSTGSWSCIKYYAM,19,AKDSEDCSSTSCYVDH,16,0.45
361,ARSPYSYGHVG,11,ARSDGYSYGYY,11,0.5833333333333334
362,ATAYGSYHTGDCYNYNGGF,19,AKAAGPYCGGGDCYSSYFDF,20,0.45
363,ARERGYSSTVADNDV,15,AREYSSTVWDN,11,0.6666666666666666
364,AKVGEYTSGPHYPMDI,16,ARVEYTSGWPLYWYFDL,17,0.5555555555555556
365,ARRADFSYLGPFFY,14,ARDFGELGTPPDY,13,0.5333333333333333
366,VRTDPPKKVRDFDW,14,ARDPVTPRRFDY,12,0.42857142857142855
367,VRQAVSLAQTNFTDY,15,ARASVSTITDFDY,13,0.4666666666666667
368,ARSPSPQITKYE,12,ARSFSIRIGHKDN,13,0.46153846153846156
369,TRTEWKYYRGGFYDS,15,ARREWLRGGFDY,12,0.5333333333333333
370,ARSSIRGSSYDVPCAFDY,18,ARDSRFSYVNGEFDY,15,0.5555555555555556
371,ARNLGDDGSIYLAYDL,16,ARGNSYFDGSGYLFDL,16,0.5882352941176471
372,ASGHDGAGRDANDV,14,ARGGSGKDAMDV,12,0.5714285714285714
373,ARLTPLGDGYDLYFWFSV,18,ARDLVDYGSGSYPLYFDS,18,0.5
374,ARDGYHPSCYSEYIPYPWF,19,ARDFYHDSSGYPRDF,15,0.5263157894736842
375,ARDDRPYKWELYFPADD,17,ARRDRWELEPFDI,13,0.5294117647058824
376,AKDDAVTHFDDEYDPE,16,ARDEGATVTHFDY,13,0.5
377,ARIPYDMFDGLGDDY,15,ARDFGGLRFDY,11,0.5333333333333333
378,ARGRQRDNRGYLFDY,15,ARDRGDYLFDY,11,0.6
379,ARELPDSGAYGVPG,14,ARDLDVYGVDV,11,0.5
380,RRDFPEKSWWMD,12,ARDRVESSGWGYWFDP,16,0.4375
381,ARERRPNSSGDYEPSDYVL,19,ARRRPSDYIAFDL,13,0.5263157894736842
382,ARSTVYMYIDG,11,ARSYGDYYIDY,11,0.5454545454545454
383,AKSSAIWWGVWFQL,14,ACGSTWYGDWNFDL,14,0.4666666666666667
384,ARSDQFGDYTDFDD,14,ARDDGDYVTWFDP,13,0.6
385,ARFYGQYGTRFWGPL,15,ARDDGDYVTWFDP,13,0.4666666666666667
386,AGGLTLGSYGVIIGFDT,17,AHLVGGVWGFDP,12,0.47058823529411764
387,ANRRDGSGRSGDGDS,15,ARDGGRPGDAFDL,13,0.5625
388,ARLRVWSPGNWAFDT,15,ARGEGSPGNWFDP,13,0.6
389,ARKRQSYAGSGEYFYH,16,ARSRALYGSGSYFDY,15,0.5625
390,AHGGYSTWFVY,11,ARGGMYSNTWYFDF,14,0.5714285714285714
391,TKAGNGSGSGSYYYGTT,17,AKDMNGEGPGSSHYNYYGMDV,21,0.47619047619047616
392,ARARAFPDPRAYGYFDY,17,ARAAPFYDFWSGYSYFDY,18,0.5555555555555556
393,ARDEWSIGRDGRTTDL,16,ARDGGRPGDAFDL,13,0.5
394,ARDHAIWGYTVDAYFDG,17,ARDWGTTVTYFDY,13,0.5882352941176471
395,AGARDGGDGLGFDIAMDS,18,ARGGRGGPDAFDS,13,0.5555555555555556
396,ARGLWPCETDGYNGFGI,17,ARDLGWFGELSGGFDI,16,0.5
397,LRGGESDYLRRYDI,14,ARGVESSGYLDHDAFDI,17,0.47058823529411764
398,ARDHIVAPDDY,11,ARDTAPPDY,9,0.6363636363636364
399,ARELDDFITGYGSSDLDAL,19,AREDGGSSRLDY,12,0.5263157894736842
400,LRQFTSRFFAY,11,ARWDFYGSRTFDY,13,0.46153846153846156
401,ARDLIYYYTNSKFYFDG,17,AKDLYYYDTGAPYYFDY,17,0.5294117647058824
402,AREVRGAGSFTDDLMYS,17,ARERGGRFDY,10,0.5294117647058824
403,AKWEDDGHDFWFVL,14,AKDRDDGWDWYYFMDV,16,0.4375
404,ARERTFGSTTPYHFYP,16,AREGGSTTEYFPH,13,0.5625
405,VAGTATRGEDSIYFDY,16,ALTTSGWFSFDY,12,0.5
406,TRGQSEAIFNW,11,ARGDGELIFDQ,11,0.45454545454545453
407,ARLELGFTEWWCDV,14,ARADGYEWYFDV,12,0.5
408,ARRTGVVPVWDYDA,14,ARETGVPVTYFDY,13,0.5714285714285714
409,ARTLGYVALSDFDV,14,ARAHYYVTSDFDY,13,0.5714285714285714
410,ARVTGGDGDDLYDV,14,ARGGSGKDAMDV,12,0.5714285714285714
411,ARDDGEIIGTLRWPGFDY,18,ARDDGVGGTMDDYFDY,16,0.5555555555555556
412,GRGGGNEFAWSDP,13,ARGQEFWFDP,10,0.5384615384615384
413,AKEAYQTTMDDFDY,14,AKLAGTPPDYFDY,13,0.5714285714285714
414,ARSVPQYDVLGYTFYDY,17,AREAPDYFDSSGYRFDY,17,0.5555555555555556
415,ARGLGPGESGLYTLINNFDF,20,ARGGGSSGYNWFDP,14,0.55
416,ARDYDGGISDY,11,ARDRGGGILDY,11,0.7272727272727273
417,VRGGEGYTGCDSGFDM,16,VRGFEGYCSGGRCYSYFDY,19,0.5789473684210527
418,VRSMELSIGIY,11,ARELGISDY,9,0.45454545454545453
419,AKDYWSYVSDG,11,AKDAKVSYYYDVFDI,15,0.4666666666666667
420,ARDAGYTYWMDDL,13,ARDAITYGMDV,11,0.6153846153846154
421,ARVGRPLFEWL,11,ARDGLPGFGEILDY,14,0.5
422,AKAPLIGGYTPYNHYAFDV,19,AKVLHGGWFPFDAFDV,16,0.5263157894736842
423,ARETYDRDQWDHDM,14,ARETYYYDRTGHYQSDGFDI,20,0.5
424,ARELPYYYSPSGVYFPV,17,ARANYYYESSGYYFDY,16,0.5294117647058824
425,ARVVGAGDGFDYPPLFDA,18,ARVGGEGDYFDY,12,0.5555555555555556
426,AKDGGIGFPRGYP,13,ARDGNIGWSFPYFDC,15,0.4666666666666667
427,ATTDSEYAGMDY,12,ARDLEAAGGMDV,12,0.5384615384615384
428,ARGNMIALYGYADYY,15,ARDGMGLGGADY,12,0.5333333333333333
429,ARGVMNRWGWQFEW,14,ARGGNWDWFFDV,12,0.5
430,TRQIGRLWAYYLFAF,15,TRVQVGARGWADY,13,0.47058823529411764
431,ARGRRDGGDVF,11,ARDRYSGMDV,10,0.5454545454545454
432,AKDVEYADLGF,11,AKDVEAVVSATDVLEH,16,0.5
433,AKWLPGWGYYSIDV,14,AKDLLGNYYYYTLDV,15,0.5333333333333333
434,ARGLRSFDWGDYYDGYFDV,19,ARGDGSDDYYYGMDV,15,0.5789473684210527
435,AREGGPNLFAYDSMDY,16,ARWDGNLFYYAMDY,14,0.625
436,ARDSGYAYYGYYCFDY,16,AKDQGYSYGNYFDY,14,0.625
437,AKDALRYDTDG,11,ARDASRYGMDV,11,0.5454545454545454
438,TRGRDPVSHALGYYNDD,17,ARDSPFSALGASNDY,15,0.47058823529411764
439,AREGVSIDYDDFDD,14,AREGISIAAGGDDAFDI,17,0.5882352941176471
440,ARAFFISKGTPLGDS,15,ARAGFGFVITSRSGTDPLFDY,21,0.5714285714285714
441,AKEDVPAAWFWD,12,AKGVVPEAIPWFDP,14,0.5
442,AKGGYVEPFTSFDGYDY,17,AKGGERWELFTSFDY,15,0.6111111111111112
443,ARGRVNVFLGMGG,13,ARDLVVFGMDV,11,0.5384615384615384
444,ARVNEGRSLDYWFYEQY,17,ARVDRSGYYTWGEEHY,16,0.5
445,ASSSIGFRGWGGFDMDS,17,ARLSGSGWLGYAMDV,15,0.47058823529411764
446,ARDPINVFSSRGFDI,15,ARVALWGINLPSYFSRGFDI,20,0.55
447,ARDGGPYGNGNLYGTGYWI,19,ARDGGPLWFGELGGMDA,17,0.5263157894736842
448,ARGTFLYYPDSILSYTMDY,19,ARGPFYYDSGSAGSFDY,17,0.5263157894736842
449,ARGEQDMYLSSSRRDYFDY,19,ARGSDHYDSSGYSLSDLFFDY,21,0.5454545454545454
450,ATDYPGPARLYRY,13,ARDSYGVPARGYFDY,15,0.5333333333333333
451,ATDRGPIGYGLYFYFLG,17,ATRRGYSGYGAAYYFDY,17,0.5294117647058824
452,ATSRGDGLSVSYGGYGP,17,ATSRGGAYDPYGDYPH,16,0.5294117647058824
453,AQDHFPRYDDWEWFQV,16,AQETLRYSDWFFDY,14,0.4375
454,ALADYQSGYDAGDIFDN,17,AKDIQQGYGDYFDY,14,0.5294117647058824
455,ARAPPYYYLSY,11,ARDGYPYYYALDY,13,0.6153846153846154
456,AKDSFLGSSLPDAFDY,16,AKDIGGGSSPPFFDY,15,0.625
457,AKSRVVGRYLYVAFDI,16,AKGRDITRFLFDAFDI,16,0.5625
458,ARDDCFDFYFVDA,13,ARDFGDFYFDV,11,0.6153846153846154
459,ASGLGAGAGGSYYDHMDF,18,ANHPLGAAEGYYYYYMDV,18,0.5263157894736842
460,AKDGSGSNVVGDYVYY,16,AKDGGKLWVYYFDY,14,0.5
461,VKERRAHVSGLFPYLDYHY,19,ARRSDSGSFPSLDY,14,0.47368421052631576
462,AKWRRYYYGGVLYDDYFDI,19,AKERSYYYDSSRLPDDAFDI,20,0.6
463,AKLFEYGWYDLGYMDTALDI,20,AKDDYGDYVLGAFDI,15,0.5
464,AKVGEFYGALSYLAN,15,AKVGEYCGDDCYRGLDY,17,0.47058823529411764
465,ARSTGGPDGVRGYSSY,16,ARDGRGYDDY,10,0.5
466,ARPYNTYGLHVNCRCG,16,ARDLVTYGLDV,11,0.4375
467,ARTLTPYYSSAYYYQSDPF,19,ARILGYCSSSYYYGMDV,17,0.5263157894736842
468,AREVVYRDYGGGNGDDY,17,ARERGYSDYGSAIYFDY,17,0.5294117647058824
469,ARIPGRCESMSDWWFGY,17,ARDSGESSSWIFDY,14,0.5294117647058824
470,ARVFGRSDGSYESYHDF,17,ARVVGYSGSGSSYYFDS,17,0.5555555555555556
471,AREDQTGDSSQEYD,14,AREDYGSSYAY,11,0.5714285714285714
472,AKEYGGEPTYDKEGYFHGM,19,AGGEYDNYGFDY,12,0.42105263157894735
473,TNVPLSDPANDSDF,14,AHIGGQLAVSDPATFDF,17,0.3888888888888889
474,ARQRYSTYFGWPYYENAFDY,20,ARERGYSGYGAAYYFDY,17,0.5714285714285714
475,ARDRAWFEWGHSGDNS,16,ARDNEWLEWSSMDV,14,0.5
476,ARLIGFYGDTSFCYF,15,ARDISGTYGDYFDY,14,0.5625
477,AKDLAFQDSMDVI,13,AKDADSFDY,9,0.5384615384615384
478,ARGGGIDYWYADYYYFDV,18,ATDGGGGSYYYAHYYYGMDV,20,0.6
479,ARVRRFGAFGVTCEFDL,17,ARVTRAGAAGDGGAFDI,17,0.5294117647058824
480,AREYYQGGYDYYYFDY,16,AREAFGAYDYYFDY,14,0.6875
481,ARDEYDTYNDYDTFFY,16,ARDAYYYGDYDY,12,0.5625
482,AKVIGRLGARGWYYVDP,17,AKQIGSYGRPDYYFDY,16,0.5294117647058824
483,ARDSGTDSHGRL,12,ARLDILTGSGRY,12,0.5384615384615384
484,WSDGDSYDMSW,11,ARDGVSYGMDV,11,0.45454545454545453
485,VKADGYGYLRLKWNMDY,17,VLKDYYGSGRSLNWGYFDY,19,0.47368421052631576
486,ARDLGEVGNSYDY,13,ARDLQELGSLDY,12,0.6923076923076923
487,AHDRTSIVAMYGES,14,ARDRNPTILGVADDLPEVS,19,0.42105263157894735
488,AKESWTLGSGATYY,14,ARETLGRGGDY,11,0.5
489,ARDGDHTFMDLSFTFY,16,ARWDYFDSRTFDY,13,0.5294117647058824
490,ARDEGPGYGRIFDV,14,ARDGGGYDRFDH,12,0.6428571428571429
491,ATFSGTYGMIFDD,13,ARDISGTYGDYFDY,14,0.5714285714285714
492,ATDSPCSIDAYYGWVGDWV,19,AKDSSSWYNYYGMDV,15,0.47368421052631576
493,ARLARAPGFGTNYSYYFDY,19,ALARGYSGTGSSYCFDY,17,0.5789473684210527
494,ARDSGEPGGFIYIKHMDV,18,ARDGIPFRYGMDV,13,0.5555555555555556
495,AVGTSSAYAGWVTY,14,AGTFSYFWYDY,11,0.5
496,TKGLGDVTGLDCFPY,15,AREGLGYTGDDNFDY,15,0.5
497,AHFQLPASSFYGGSAFPV,18,AHGLFSSSDWGGLDV,15,0.4444444444444444
498,ARNVLTRSDYTFCDIGY,17,ARAGTTNSDYFDY,13,0.5294117647058824
499,ARGAVYYGLKDENGSDY,17,ARAKYGLGSATSDY,14,0.5294117647058824
500,AKDSYPSGLDTSPMDGYFDV,20,ARDTIPFWSGYYTSPDYYFDY,21,0.5454545454545454
501,ARASGGGWLEFFDR,14,ARAEGGSWLGWFDP,14,0.6428571428571429
502,ARGRYRYETFQYY,13,ARGGYYDTFDI,11,0.5384615384615384
503,ARAASLGFSVIAY,13,ARALGLIDY,9,0.5384615384615384
504,AKEYGYSSGDYSDYDG,16,AKDQGYSYGNYFDY,14,0.5625
505,ARERLYWWTGEAFDFYY,17,AREGLVGTALAFDY,14,0.5294117647058824
506,AVDGQAYGDLGVGLDGMPS,19,AKDTPGGDDILTGWGLYGMDV,21,0.42857142857142855
507,ARESQIAYDEH,11,ARDSYGIPARGYFDH,15,0.4666666666666667
508,ARDDGAYAGYV,11,ARDDYDYAGAY,11,0.6363636363636364
509,ARDLGWGGYYC,11,ARDLGTGGMDV,11,0.6363636363636364
510,AIDDYYGTGIYCSDF,15,ARDDYYGSGSYDYYGMDV,18,0.5
511,ARPVGIYIDYY,11,AREIGIIDY,9,0.6363636363636364
512,ARVECGYYYGGSDGRDF,17,ARVEGGYCSGGSCYWFDP,18,0.5555555555555556
513,ARDSPYITNYVY,12,ARSPTWNYVDY,11,0.6153846153846154
514,ASMNGVYWAWP,11,ARALTGVYNWFDP,13,0.46153846153846156
515,ATDKGMSATGHADDA,15,ATRLGVGATMAHDAFDF,17,0.47058823529411764
516,ARRPSLGEFYEPNCVMDS,18,ARSEYDPYYVMDY,13,0.5
517,AGGSHDWWTDYSLNAFQY,18,AGGYDFWSGYPNPTDY,16,0.4444444444444444
518,ARDANSVMLGWVYWGFDH,18,ARDRFTMLQGPYWGFDP,17,0.5555555555555556
519,AHSADAGLINSDYIDV,16,ASDFGDAGLISGLDV,15,0.5294117647058824
520,ARGGYEVVEGFI,12,ARGGYEDVFDI,11,0.6666666666666666
521,AKQKWVDATDM,11,AKGQLWGGYDAFDI,14,0.5
522,ATGWASSDMSDCPDNYNAY,19,AKGLDSSSSASPDY,14,0.42105263157894735
523,ARGWVSVSYEQGWFLDY,17,ARGDVSGYRYGLDY,14,0.5882352941176471
524,VRGGPYEDMVYYWYDY,16,AKGGPYGDHVRSDY,14,0.5
525,AKDMRWKIDYRYARY,15,AKDMGKDDYDVLAGFRD,17,0.5
526,ARVVRYATGGGLEGSDYAM,19,ARFRYGGGGTVDY,13,0.47368421052631576
527,ARGTGSYAGDG,11,ARGRTGPYLGIDY,13,0.6153846153846154
528,ARRLAYGSEEPVDS,14,ARHFADGSGRVVDS,14,0.5714285714285714
529,ARDRGGFPYYGYEDP,15,ARDGGGDYGED,11,0.6
530,ARLAIVISFYY,11,ARCAWLRGSFDY,12,0.5
531,ATEGGYGSIGVGDDISV,17,AREGISIGVGGDDAFDI,17,0.5263157894736842
532,ARDLRGSTYYRIVDTYDS,18,ARDLGSYLDY,10,0.5
533,ARLYELPVLAQ,11,ARDLQELGSLDY,12,0.5
534,ARGDRGFIWGYAFDV,15,ARGGSGFHWYFDV,13,0.6666666666666666
535,ARDPTSTPNLYYCYGMDY,18,AKDKLTGYLYYYYGMDV,17,0.5555555555555556
536,AHGVPGYGLYYFYYQFDV,18,ARDPAGRYSYGLYYFYYMDV,20,0.5714285714285714
537,ARGLIPDTQFGYIY,14,ARHLIPTIFDY,11,0.5714285714285714
538,ARSGHFSVRHF,11,ARSYGDFYVDF,11,0.5833333333333334
539,ARDRLYYYAVAAEDHDP,17,ARANRKYYYGHILEWFDP,18,0.5
540,AKPMYIDSDDLYYKNWFDF,19,AHSRYDIDSGNLYYFDY,17,0.5
541,ARTGVYRGAYSYYY,14,ARAGVLGGAGSYYVVDY,17,0.5882352941176471
542,SRLGPYRGAYAD,12,ARLPYGDPA,9,0.5
543,ARDLSYYVTVD,11,ARDLSYYGMDV,11,0.6363636363636364
544,ARDLGFAVDYIDY,13,ARDSGDYVDYFDY,13,0.6923076923076923
545,ARLGFYDDWYEVYYFDY,17,AREYFYDSSDFYYEYYFDY,19,0.631578947368421
546,LRDFERYDVKWMFDY,15,ARDMGRLVSWFDY,13,0.5333333333333333
547,ARRLELGGGVDVDLYFDS,18,ARDLELGGGFDY,12,0.5555555555555556
548,ARHKNWGTASGWNTYDY,17,AKDWASGPTDYFDY,14,0.5
549,ARDSGTFWFDL,11,ARDFGDFFFDY,11,0.6363636363636364
550,ARDRQYSDDPNVEYNYMRS,19,ARDRGYSDYGSHYYMDV,17,0.5263157894736842
551,ARLPTIGPCRAYNYLYP,17,ARGLPTGEGWNYFDY,15,0.4444444444444444
552,ARGSFVYGTFSDY,13,ARESGSYGTFDY,12,0.6923076923076923
553,ARLPVPGRSANYGMDS,16,ARALVVPGAPRYYYYGMDV,19,0.5789473684210527
554,ARAYTGLWLMNMGYADDV,18,ARLSGSGWLGYAMDV,15,0.5
555,ARGAGRFAFFGYDPWTYS,18,ARGPEEVTGYDFWTGYSDY,19,0.47619047619047616
556,AKEGTYNSGSIL,12,ARREGTYSSGWEV,13,0.5384615384615384
557,AKDQHAYDLNYVGP,14,AKDQGSYSYLFNYFDY,16,0.5
558,ARSGGIVYLDYNDP,14,ARDGGILTGYLDYFDH,16,0.625
559,IRDLGGPTFEYDYSDY,16,ARDYGVGATMEDYFDY,16,0.5882352941176471
560,AREQAGTSGTDMFD,14,ARAFQDGTSGPYYFDS,16,0.5625
561,ATTRYFRYGCG,11,ARERYGDN,8,0.45454545454545453
562,ATELWFPNYFDVDY,14,ALPLGQPYYFDY,12,0.5
563,ARDGPPYTFYAGAYDD,16,ARDDYDYAGAY,11,0.5625
564,ARIDRPPDSPSSGDYDY,17,ARDLSSSGGFDY,12,0.5294117647058824
565,ARDRIVSGYVYGFFP,15,ARDRVESSGWGYWFDP,16,0.5625
566,ARENYYNFYGF,11,AREGDGYNFYFDY,13,0.5384615384615384
567,ARSQSYTDWLGDTLIS,16,ARASTSTTSWSDALSLGS,18,0.4444444444444444
568,ARQPRYPDDYGDFQS,15,ARADRYNWDYGSS,13,0.5333333333333333
569,AKRNPYYYYTCDYFDV,16,ARELYYYYYYMDV,13,0.5625
570,AHEIYESFDSYFFY,14,AKNIFGYAFDSYYFDY,16,0.5
571,ARGRGLRDSVWYDE,14,ARDRGMRDNWFDP,13,0.5714285714285714
572,AKDANYYWDVSLYYYY,16,AKGGWYYDSSSYYTY,15,0.5625
573,AKGGGFKGGDF,11,ACGGDFRYFDF,11,0.5454545454545454
574,ASSSIASASGTYHGAGP,17,ARSIAAPGTLDWFDP,15,0.47058823529411764
575,AKELGHIGYSNYDD,14,ARLGHGYSYGYIDY,14,0.5625
576,ARGGGRIGYLRGTYFAD,17,ARGGRSYPRGNWYFDL,16,0.5555555555555556
577,TTDRGGWDCQRGFAFFD,17,TRAGWVRGAFDI,12,0.47058823529411764
578,AKSTVQPVDTGGFLG,15,AKPVDTAMFDS,11,0.4666666666666667
579,TLAWLYFPSGHAFH,14,ATSAYLSGSGHYFDY,15,0.4375
580,ARQSLFSPAIDGWYFLV,17,ARDRLAAAIDYFDY,14,0.47058823529411764
581,AKDRGAFDSTRDGYPLYEF,19,AKDRGRDGDYGLDV,14,0.47368421052631576
582,ATEQSPYGPFSIDGFDV,17,AREALGYGDFPHDGFDL,17,0.5294117647058824
583,ARLASYQDFCPSEGYDYMDI,20,ARAAPFYDFWSGYSYFDY,18,0.5
584,ARTAAGSGGLVVMYFDI,17,ARAEGTGWVGYAFDI,15,0.5294117647058824
585,AVDTPLSSRAW,11,AKDAPSSSRDSFPDD,15,0.4
586,ARGSWLEPGDTGGYMSW,17,ARDLGTGGMDV,11,0.47058823529411764
587,AKELTYYSMDVYGDDGGMDI,20,AKDLYYHDSIGYDAFDI,17,0.5
588,ARYEVFWFAGFLS,13,AREGITAAGPALDS,14,0.4666666666666667
589,TRKGQSGSWCYDDLVYEAK,19,AREGSGWYSVYFDL,14,0.42105263157894735
590,ARLVGGYSLELYNYGLPI,18,ARVVGRTSYYNYGLDV,16,0.5555555555555556
591,ARRPRPSGYVGFGV,14,ARRRPSDYIAFDL,13,0.5714285714285714
592,ARGPLYYSKDDYDSFDD,17,ARGRGYGSGSDSFDD,15,0.5882352941176471
593,ARDRVDVSLYQGGAFDY,17,ARDLRDQDGYSYGAFDY,17,0.5882352941176471
594,TKAGYYYTGDGAYFDI,16,AKDTALHWGGAYTGDGAFDI,20,0.5714285714285714
595,AREGGAGSGYSIDAFYY,17,AREGIAVGSGGDDAFDI,17,0.6111111111111112
596,ARSFILCDGGNAAYPSE,17,ARDFGGNANYFAF,13,0.47058823529411764
597,TKHLGDSDRTWFLN,14,AKDTGSDWTGALGV,14,0.4
598,ARWTVRATNTWMYYFMDY,18,ARLVRYNWNYSFDY,14,0.5555555555555556
599,AREEVYTWSVELDSYYDH,18,ARGDYGISVADSYFDY,16,0.5
600,ASALLLPGLQYESYHFDY,18,AKALGWRDEYSFDY,14,0.5
601,ARHFKNKIYWTYTMDY,16,ARARIYTYGPDY,12,0.5
602,ARFRSLGFTYYMDD,14,ARWSGTYYDY,10,0.5714285714285714
603,AKSRYSIASCYDSKHLYEY,19,AKQSGPYCSGRSCYSGLFDY,20,0.5
604,AKRETPMALLYVDN,14,ARETPGAGYPIDS,13,0.5
605,ARDGSIYRSDF,11,ARDGSAYGMDV,11,0.6363636363636364
606,ARVYGWGRYGYAFYV,15,ARVKGWLRGYFDH,13,0.6
607,AKDVQRDKTLFDY,13,ARDGPGDKMVTLFDY,15,0.6
608,AKDGGYQPDSEPRDYNE,17,ARGDGGYYSPFDY,13,0.5
609,ARGGIVFYGLGDNYALDY,18,ARGGFNYGHGLDY,13,0.5555555555555556
610,AREMGSSGTEDRDV,14,ARDLGPSGTDV,11,0.5714285714285714
611,ARDSVYVADDV,11,ARDAVYYGMDV,11,0.6363636363636364
612,ARAYGWIGGGIDS,13,ARAPGIIDC,9,0.5384615384615384
613,ARDLSRNYFTV,11,ARDLGSRGAFDI,12,0.5833333333333334
614,ATATVLASYYDYFDD,15,AKTLYSYAYDQYFFDY,16,0.5555555555555556
615,ARDNGVYWDDDAFYY,15,ARGFNGNYYGWGDDDAFDI,19,0.5789473684210527
616,ARGTANYSYGSVRYIEL,17,ARGGIVGYSFGSWYFDL,17,0.5
617,ARDPTLYWFDY,11,ARDPVTPRRFDY,12,0.6666666666666666
618,ARGPVSDADYWRDY,14,ARGDVSGYRYGLDY,14,0.5714285714285714
619,ARSGEDGVGFDG,12,ARDQGEDVFDI,11,0.6153846153846154
620,VRPRGGSFPYGDYFHY,16,ARPNGSPDDYFDY,13,0.5625
621,ARDYGGYDLYPFDF,14,ARDYGDFYFDF,11,0.7142857142857143
622,ALWPIYYVYGTVGAQYVGL,19,ARGPFYYDNSGTLGGLDV,18,0.4
623,AKDLYIRTALGTGWFDS,17,AKDLVSSTSGGFDY,14,0.5294117647058824
624,ATDDAVLVGCGLRFDY,16,ARDAELGGRFDP,12,0.5625
625,ARLQIHEYRPSLDY,14,ARQPHSYSSVDY,12,0.5714285714285714
626,ARGYSSDRFVSTFYA,15,ARHFYSSDYFDY,12,0.5
627,ARVTRYPSPGYYGYHDPDN,19,ARGTPPSRGWYGGFDN,16,0.5263157894736842
628,ARASPEYAFFF,11,ARTASPSGAWYFDF,14,0.5714285714285714
629,ARDIGSKNSGVTTNSDG,17,ARDDSSSSGVGTGMDV,16,0.5294117647058824
630,ATDLGHTMNRSGEGFEY,17,ARDFSGHTAVAGTGFEY,17,0.5555555555555556
631,AAQVRQYVNGAPSDGWQYCDP,21,AARIVGAGDWFDP,13,0.47619047619047616
632,ARDYVYIFYYDD,12,ARDYGDFYFDF,11,0.5833333333333334
633,ARVPGEAYYLPLNYFDF,17,ARDKVAEILPLGYFDP,16,0.5294117647058824
634,ARVRGQSWTGY,11,ARRGASWELDY,11,0.5833333333333334
635,ARDSGSSGDYASDGV,15,ARDLGSGDMDV,11,0.6
636,ARDGFYSASVVDWLDY,16,ARDYGAVVTLFDY,13,0.5625
637,ARYMNLGDTFFDE,13,ARGMLDTFDI,10,0.6153846153846154
638,AKERWPVPTVSASYMDF,17,AKDGERWDSVVVPSARNGMDV,21,0.47619047619047616
639,ARDWHDSYGSDGFYIYYFDV,20,ARDDYYGSGSYDYYGMDV,18,0.6190476190476191
640,SSGESSESAVNFDI,14,ARGSSESVVTLFDH,14,0.5333333333333333
641,ACCVWIGYYAHVDWWVDI,18,AKLCDSSGYYWVEDAFDI,18,0.42105263157894735
642,ANESGVYTSTGAYYFLL,17,ARERGYTSGSGSAWYLDL,18,0.5263157894736842
643,AKLRTVLFYIY,11,ARDLGTGLFDY,11,0.5
644,ARDSGRLRCGGLVYL,15,ARDLGLLWFGELGL,14,0.5333333333333333
645,ARISYPGYVFILDDFFDS,18,ARASGVLTTHFDS,13,0.5
646,AKDAWGTYAGSFAD,14,AKDIGGTVAGTGADF,15,0.6
647,ARAQGTIYRYTGEYIDN,17,ARLGHGYSYGYIDY,14,0.5294117647058824
648,ARARGSTAGFYYND,14,ARARGYSGSGSSYYFDY,17,0.5882352941176471
649,ARDDRSVGVLYYDGF,15,ARDLSCGVDCYPTGFDS,17,0.5
650,PSSLGLYSYYVLLD,14,TSGSYYGTLD,10,0.5
651,AQSLGGYYGRDY,12,ARGLGGGYSYGYDY,14,0.6428571428571429
652,ARGACYYNSEEFFD,14,ARGAHYWGPEDAFDV,15,0.5333333333333333
653,AMLTCIEFARLGDH,14,ARDTFGRGDDH,11,0.42857142857142855
654,ARDSHRIRWVSIDDN,15,ARDSTAWVSFYDY,13,0.5333333333333333
655,ARDFGRSSRLNTAGQDFVF,19,ARDDSSSSGVGTGMDV,16,0.47368421052631576
656,AKVVDTEVSSYGGSFDP,17,AKDLVSSTSGGFDY,14,0.5294117647058824
657,AGLINGIGSRDGSALDR,17,ARLINHYYDSSGDGGAFDI,19,0.47368421052631576
658,ARDRYTSWGGFPY,13,ARDLSSSGGFDY,12,0.6153846153846154
659,AIVKRDDDHTEGWPI,15,ARDLHTYGLDY,11,0.4
660,ARHGDTGDAPSDDAV,15,AKNSDYGDPSALSDDAVDI,19,0.5263157894736842
661,AKGPYAESNHAYEYLDY,17,AKGPRSNHDYFDD,13,0.5294117647058824
662,VRSSGYGGIYPYFFFGV,17,ARGSSGWYKGGSYLYFMDV,19,0.55
663,ATDASFADNNSSAGFEV,17,ARDASTADLLVSWFDP,16,0.47058823529411764
664,ARVRGRVIMTDVDDP,15,AREPGRDILTGDYWDS,16,0.5
665,AKRYDTADTSEPDP,14,AKDADSFDY,9,0.5
666,SRERHYLYYDAYPDMYN,17,ARELHYYYYYMDV,13,0.47058823529411764
667,ATGGGLCTLSGFNI,14,ARGGYSSGFDI,11,0.5
668,AREVSWGSYGVWFDY,15,ARESGSYGTFDY,12,0.7333333333333333
669,ARDDSTIYPVCLDYGLDH,18,ARDGGILTGYLDYFDH,16,0.5
670,ARDDLEYGTGGYDDV,15,ARDLGTGGMDV,11,0.6666666666666666
671,AKDFDTETSLFEP,13,VKDDFSTPTVLFHY,14,0.5
672,ARAGIDYKKPGAFDP,15,ARALTDPGWFDP,12,0.6
673,ARTAVGRTIFPYQY,14,ARGIVGPTPFYFDY,14,0.5
674,ARGGYGAETEGAAL,14,ARGEWEEDFAL,11,0.5
675,ARVLHTGTTFYPLP,14,ARVLPMGTFDY,11,0.5
676,AREMREPDSYFTY,13,ARDRGDSLFDY,11,0.5384615384615384
677,ARDRGGYYAESTYYMPL,17,ARDGVGATESYYFDL,15,0.5294117647058824
678,ARGAVGTYDRSWEV,14,ARDAVGSYYYGMEV,14,0.5714285714285714
679,ARSGPDYWGDIGYPEY,16,ARGDYGDYGEFDY,13,0.5625
680,AHVRRARGWFEYYLSL,16,ARAGWELNY,9,0.4375
681,ARCPDRLYLTSFLDF,15,AREPGYDILTDSFRDY,16,0.5
682,ARDGSASSSLSEPGFDY,17,ARASSSLTYYFDY,13,0.5882352941176471
683,AREVGDPGSGEVTYWRY,17,ARESGYSGSGSVTYFHL,17,0.5882352941176471
684,ARDYHGDLMYYFSLQY,16,ARDYGDLYFDY,11,0.625
685,SRDRGLSPAMYPY,13,ARDWGLVPASMYYFDF,16,0.5
686,ARQSGQYRGLV,11,ARDLVYRGMDV,11,0.5
687,ARDTWVITFMIFYFSQDY,18,ARDDGVGGTMDDYFDY,16,0.5
688,ARDPAGDFYMDLYA,14,ARDFGDFYFDY,11,0.6428571428571429
689,ARDGISGSSGGSFSR,15,ARDLSSSGGFDY,12,0.6
690,ARDRFYYRIFNFNSFDR,17,ARDFTYRTNYDAFDL,15,0.5294117647058824
691,ARLAPYTPDVLLLA,14,ARLPYGDPA,9,0.5
692,ARVQYMRFTINDGFDL,16,AAPYCNRTTCRDGFDL,16,0.5
693,ARVLMGFYDSVFY,13,ARVLPMGTFDY,11,0.5714285714285714
694,VKDRNYNGCPYGDLFDS,17,VGDRYSGYGPFDY,13,0.5294117647058824
695,ARSPQYEAFYG,11,ARSGSYDAFDV,11,0.5454545454545454
696,ARDPFGSGNVDGGYYFDV,18,AIRGGSGAVDRGYYFDY,17,0.6111111111111112
697,AKRVNTGYDYTHFRWGMDV,19,AKAAGTGWYDVFQYGMDV,18,0.5263157894736842
698,TRPARYYYGPYYSDT,15,ARDAYYYGDYDY,12,0.5333333333333333
699,ARANPANGLDEAEAFDE,17,ARAGPEEANAFDI,13,0.5294117647058824
700,ARGLGGYDGDDFDV,14,AREGLGYTGDDNFDY,15,0.6
701,AKSATVNYRYGVDAY,15,ARSPTWNYVDY,11,0.5333333333333333
702,VVQIYGTGDGVDNYYDYGF,19,ARDISGTYGDYFDY,14,0.42105263157894735
703,ASDDVRGMTNAPGYAYFAW,19,ARDSDHYDSAGLTWAPGPFDI,21,0.43478260869565216
704,ARVRYWGTGSEWYGDN,16,ARERGYSGDGSSWYFDL,17,0.5882352941176471
705,AKGHCGYPSSSFTV,14,AKGGWYYDSSSYYTY,15,0.5333333333333333
706,ARDRDSVTDSYYLMDY,16,ARVDYDILTDLYYFDY,16,0.5882352941176471
707,AKHATLTSVVFLYLYI,16,AKAILRGVKYYLYGVDI,17,0.4444444444444444
708,ARSWGLADSYDGCFDP,16,ARGDSLDWFDP,11,0.5625
709,ARDGGDYSFDG,11,ARDRGDYFDQ,10,0.7272727272727273
710,ARERAGYDFYI,11,ARESRRGADY,10,0.5833333333333334
711,TRDSDPYSSSDLGYYSYAG,19,ARDQRAHDEYSSGWLDYYYYNGMDV,25,0.44
712,ARDPPPSGSVDFYF,14,ARDLGPSGGIDY,12,0.5714285714285714
713,ARDPTPYLDGYNTNPQD,17,ARDRRYLDWYPSNYFDL,17,0.5
714,AKDYCGGSGSHHGFDI,16,ASPYCSGGSCSDGFDI,16,0.6470588235294118
715,ARDEAQYGWFDYA,13,ARDLQQAGGFDY,12,0.6153846153846154
716,AREFDFGTEYPVDVSFDP,18,AKHEDFGDYVDYFDP,15,0.5555555555555556
717,AKDGKMYYSISDNSLYLDL,19,ARGSYYSDTSGYFLDH,16,0.5
718,ARGGLGTGPIFYDPYFDY,18,ARGEGTATIDYFDY,14,0.6111111111111112
719,AAPRCNGSLTDGPFDI,16,AAPRCSGGSCYDGFDI,16,0.7058823529411765
720,ARRSCGTYGWDYDYQ,15,ARWSGTYYDY,10,0.6
721,AKEGYGSDDTWGDSL,15,AKEGGRRDWYFDL,13,0.5333333333333333
722,VRALAWPIIIIAVYMDY,17,ARSITLGGLIIIPPEYFDY,19,0.42105263157894735
723,ARGKLGGDFGDGWYSPY,17,ARGRLGGFDSYLDY,14,0.5882352941176471
724,ARAGWSPVDVVMDH,14,AREMSVAVVDH,11,0.5714285714285714
725,ARTQSTDGILFPP,13,ARSTGILDC,9,0.5384615384615384
726,ARGAGYYYNSSYFDYGY,17,ARAFTPYNSSPFDY,14,0.5882352941176471
727,TTDDGVGDFNY,11,TRDRGGVGDGFDM,13,0.5384615384615384
728,AKDGGSSRAGGVYDS,15,AKDRGYSGPGAAVYYDS,17,0.5882352941176471
729,ARDTIYVHGAGQALCY,16,ARDDYDYAGAY,11,0.5
730,ARDLGSAVGDGDM,13,ARDLGSGDMDV,11,0.6923076923076923
731,ARDRVQPDFYRLFDFDS,17,ARDRGDYLFDY,11,0.5294117647058824
732,ACDVDVSGSFDYH,13,AREDYHDSSGSFDY,14,0.6
733,TRDMLRGWMFLD,12,ARDYMLRGGED,11,0.5384615384615384
734,AREVGNGPLCGFAYWYFDM,19,ARGGWGPLASWYFDL,15,0.5789473684210527
735,ARDNGDMGFDV,11,ARDFGDFYFDV,11,0.7272727272727273
736,ARIIGCPFQNGPDDY,15,ARQGPMGGGPFDY,13,0.5333333333333333
737,ARDSWSLAPSFTNEVQY,17,ARDSPLCTSTNCFDY,15,0.5294117647058824
738,ARDDGEYSWDP,11,ARDDGDYVTWFDP,13,0.6923076923076923
739,ARDSVYVYTRDEYDYDI,17,ARDAYYYGDYDY,12,0.5294117647058824
740,AHVHGSCAAGSWYMDF,16,ARDFGYYAAGSYFDY,15,0.5
741,ARRRVVMGGTDT,12,ARDLDVVGGTDY,12,0.5833333333333334
742,TRRDMTRGVIFLDP,14,TRDSTEIVDWFDP,13,0.5
743,ARDHPASRGIGWYTEY,16,ARDPDSGWYYYFEY,14,0.5625
744,AKMEGPRSSSFLAI,14,AKGPDSGSFAWQIDH,15,0.47058823529411764
745,AKGRDGWYTWGFHA,14,AKTRTGWYVGFDY,13,0.5714285714285714
746,ARIYYYSAGCLYAFDI,16,ARGPYYYDSSGSLGAFDI,18,0.6666666666666666
747,ARERRMGDYGNPFDY,15,ARDRGDYLFDY,11,0.6
748,ARLDVFATSFRI,12,ARDVADAFDI,10,0.5833333333333334
749,SKSLVYGDLGDWYRDDS,17,AKSLIYGHYDILTGAYYFDY,20,0.45
750,ARVALWSTSLWHFPYDAI,18,ARAVESYNLWAFDI,14,0.5
751,ARARHLSDGDYGGHMGFWV,19,ARALTGGYYYGMDV,14,0.47368421052631576
752,AKEWASNGNKGYTDFQN,17,ARERAYDSSGPKGYFDY,17,0.47368421052631576
753,ARDVNNYYQIGGDI,14,ARDVGDYYGMDV,12,0.5714285714285714
754,ARDWSLGGESVGTDY,15,ARDLELGGGFDY,12,0.6
755,TRDQAESGDTYWYYY,15,ARQWSHYTYDYYY,13,0.5333333333333333
756,VKGYSCDHDYSSGEYGMVF,19,AKDILSRVHYYDSSGSYGMDV,21,0.47619047619047616
757,AKASWIVFGRS,11,AKDIGKIVDFYGMDV,15,0.4
758,ARGLYYSGYYDD,12,ARGPYYYDSGGYYLDY,16,0.625
759,TRGFATSTSHYSSMY,15,ARGDCTSSSCYSLDY,15,0.5333333333333333
760,AKDLYEGSDLWPDD,14,AKDAPSSSRDSFPDD,15,0.5333333333333333
761,ARRGRALYTLDP,12,ARRGASWELDY,11,0.5833333333333334
762,VSGDLYDRGILYFF,14,ASDYYDSSGYYYGFDY,16,0.4117647058823529
763,ARALEYGSKFAGYLYYSYF,19,AKLHYYSDTAGYYYEDYFNF,20,0.47619047619047616
764,ASDLGIFRDDGIDY,14,ARDLGPSGGIDY,12,0.5714285714285714
765,AREGPGGDAMYGL,13,AREGMGMAAAGT,12,0.5384615384615384
766,ARSWGRSTPDRMDY,14,ARASWGSTLDY,11,0.6
767,ARRDRVTYSRDYEHLYFDM,19,ARADYSDYDNYYFDY,15,0.5263157894736842
768,ARVISAVIFVHDVYGFDV,18,AKDIGKIVDFYGMDV,15,0.5
769,ARDTGGCAFYVKSLENGMDV,20,ARDDGGYCSSLSCPMDV,17,0.55
770,ARAFRDLCVYWFDF,14,ARAIDLQGYNWFDP,14,0.6
771,ARTFCISGRLM,11,ARDIAGRLDY,10,0.5
772,ARQQFLAGISYFDDH,15,ARDQGTATTYFDH,13,0.5333333333333333
773,ARSGRFSGLDGGSYDD,16,ARSGREFSSLDY,12,0.5882352941176471
774,ARELFYPMMDIVFIEY,16,ARDLFYYGMDV,11,0.5
775,AKELFSYYDDNRVLDY,16,AKEGGFSDYYDVFDI,15,0.5294117647058824
776,ARSIWFYTGYFFDI,14,ARDFYEGSFDI,11,0.5714285714285714
777,ARAGIALYARNCDD,14,ARDGGAYDRFDY,12,0.5
778,ARGWTGKVGTYRDY,14,ARDWGTTVTYFDY,13,0.5714285714285714
779,ATEHLVVEDGY,11,ARITPHLVYDY,11,0.5384615384615384
780,ARIHFVGITNYGFDFWP,17,ARDFGGNANYFDF,13,0.5294117647058824
781,ARGVDLYYIMYNY,13,ARGDGYYFPLDY,12,0.5384615384615384
782,ARLSGTTCQSRWYIYD,16,ARASGYTGYGSNWYFHL,17,0.47058823529411764
783,AADYCVWGTQPVAFDL,16,AAASIDQVWGTYRDAFDI,18,0.5
784,ARDESGMFSWV,11,ARDRYSGMDV,10,0.5833333333333334
785,ARDESYYYGVL,11,ARDDSSGYYYGSALD,15,0.6
786,ARDYEDHRGSV,11,ARDWVRGSN,9,0.5454545454545454
787,AKDDAIYDSKGWCDLNF,17,AKDGGYYYESSGWFDY,16,0.4444444444444444
788,TRDRNLYGPYWADR,14,ARDRFTMLQGPYWGFDP,17,0.5294117647058824
789,ASNVISGDWLSPDYYFDV,18,ARDTIPFWSGYYTSPDYYFDY,21,0.5238095238095238
790,TRDHPYYGSLYLGTHSLYS,19,ARDRHYYGSGSFCDY,15,0.42105263157894735
791,AKASYGLDTLSFEP,14,AKASPRLDTAMAPFDY,16,0.5
792,AKWSVYPGHRQTMYIAPGM,19,AKDVVPGDRNSYAFDI,16,0.42105263157894735
793,VRDAHSVGVFDYYHAFVY,18,VRHEGVDYYFNY,12,0.5555555555555556
794,ARERYFDADYGYHDI,15,AREAGFYYDSSGYYHHAFDI,20,0.5
795,ARDSYGVSPVSLYDSDP,17,ARDSYGVPARGYFDY,15,0.5882352941176471
796,ATDGLVATDDFCA,13,ARDYGVGATMDDYFDY,16,0.5
797,TKDEGESAGIGFDY,14,AKDQGYSYGNYFDY,14,0.5714285714285714
798,ARDRKSFSVGYFPQ,14,ARDAGKSPLSYWYFDL,16,0.5
799,ARVLINTGSTSAFED,15,AKVLINWGSSPFDY,14,0.6
800,ATAENILHQHMSDWMVP,17,ARAIDHQGYNWFDP,14,0.4117647058823529
801,VTVDSFGAFYSTGRDD,16,AKVADRVGASTGELDY,16,0.4444444444444444
802,AHEWHDDIYDSYCYDY,16,AREPGYDILTDSYGDY,16,0.5294117647058824
803,AKWLYSSTTDT,11,ARDLYSSGGTDI,12,0.5833333333333334
804,ARGLDYSAFDS,11,ARGLDGSSSASPDS,14,0.6428571428571429
805,ATYRVGLDLYAFDT,14,ARVSLLAFDI,10,0.5714285714285714
806,VREMQFNDGAF,11,VRDSEFNNWKGSGAFGV,17,0.4117647058823529
807,VVDGRVDDTYWMVGCFDK,18,VKDRRDTAMVLFDY,14,0.5
808,ARDISSRTAPDVLFIMDP,18,ARDTSFSVTTPDDAFDV,17,0.5263157894736842
809,AKDGVFLGLVFDDV,14,ARDGDGGLVTFPDY,14,0.5333333333333333
810,ARVRWFGGRLGGYPVDPAH,19,AKGWFGEWLGGIDP,14,0.47368421052631576
811,ARDEGGNGTFDSNTGMDL,18,ARDSAGNWFDSRHYGMDV,18,0.5789473684210527
812,ATDFVSHMYRWGIDFDP,17,ARDAFSSSWYGAGWFDP,17,0.5
813,ARDSVRSDFGVYCWLDG,17,ARDSSGSYHLDY,12,0.5294117647058824
814,ARGPDSTGGGWVDP,14,ARGTDWGIGWFDP,13,0.6428571428571429
815,ARVVGYGRSGGYGGFDY,17,ARLVGYDFRSGSDGGYFDY,19,0.6842105263157895
816,ARDPQFVGGDS,11,ARDLQFYGMDV,11,0.6363636363636364
817,ARDYSVYDSDYCDSGLYAS,19,ARDSSLYSGYDSHDY,15,0.5263157894736842
818,ATDGFAGWTRVMFAFDY,17,ATDPPGLRFRFDY,13,0.5294117647058824
819,VREPSYYVPYDFTN,14,VRAPSYYYYYYMDV,14,0.5
820,ARDNSASSPMLDAGAMDE,18,ARDNAYLPSAGAFDI,15,0.5555555555555556
821,ARGIGAYGGRAGLYV,15,ARPVVGGRAGMDV,13,0.5333333333333333
822,AKDGQGSGDYGDCYFDY,17,AKDIQQGYGDYFDY,14,0.7058823529411765
823,AKVVGRVWAFFDY,13,ARVVGSSWPWGFDY,14,0.5714285714285714
824,ARTSGYVMVGLMYPYGFPC,19,ARGGMVGAEYYFDD,14,0.47368421052631576
825,TRDQGVYGGDLDMFDQ,16,ARDQVSPYCGGDCPDAFDI,19,0.5263157894736842
826,ARELEVGYIYY,11,ARELVGYFDY,10,0.7272727272727273
827,ARDKDRDSADTCGWNDY,17,ARDPTRDCSGGSCYSGWFDP,20,0.5
828,ARDSLHTGANDFYLAFYH,18,ARDLSGADVYGDSY,14,0.5
829,ARTPNYTYNAF,11,ARQDTYWYNF,10,0.5454545454545454
830,ARLNAYSWAVYFFY,14,ARANYYYESSGYYFDY,16,0.5
831,ARFMYDYIFYG,11,AREAFGAYDYYFDY,14,0.5
832,ARDLLAGGDGFGDDI,15,ARDLAAAGAFDI,12,0.6
833,ARDLCSDATDV,11,ARDLGPVGATDV,12,0.6666666666666666
834,ARLSGSCNYGWFRP,14,ARRSGSHSGWFDP,13,0.6428571428571429
835,ATDRSRGYSEGEYYSDYMDV,20,ARDREGGYCSGGRCYSSHYMDV,22,0.5909090909090909
836,ARAADYYGYVDPLYDMDY,18,ARADYSDYDNYYFDY,15,0.5555555555555556
837,AREGGHDILYGDI,13,AREPGYDILTDSYGDY,16,0.625
838,ASGDDEGWDAWFDF,14,ARGDGSDLPFDF,12,0.5714285714285714
839,AVDGGPHLGGIWMF,14,ARDLGPLGGNDY,12,0.5
840,ARVSIIMTDLA,11,ARVSDILTGYIDY,13,0.46153846153846156
841,ARDVRYGGKYSSCDSYFHF,19,ARDVGYSGSGSSNYFDS,17,0.5263157894736842
842,ARDEVYLNDFY,11,ARDRGDYLFDY,11,0.5833333333333334
843,ARERDRGGFDYYFDP,15,ARTRIGGYDYYFDY,14,0.6666666666666666
844,AREYVLHNVSYGYLAFDN,18,AREYEGSYGAFDY,13,0.5555555555555556
845,ATASNYSIGSDLYFDL,16,ATSAYLSGSGHYFDY,15,0.5625
846,ARDLTGEAYDFVADYMDL,18,ARDFGEFYFDY,11,0.5
847,ARVWGGDLHYAFYYLDI,17,ARVSLWYGDLSGAFDI,16,0.5789473684210527
848,AKDPDDFPYDSMDDQWNI,18,ARKGPYDDSGYDWANDAFGI,20,0.45
849,AREPSGYCLYSSRFDEDYF,19,AREDSGSSRLDY,12,0.5263157894736842
850,ARDDGSLQGDFYYLID,16,ARGDGSDDYYYGMDV,15,0.5294117647058824
851,AITPTGYYWGYFFDP,15,AKTRTGWYVGFDY,13,0.5333333333333333
852,AKDQENYPNWHSALDV,16,ARQWNYPDGAFDV,13,0.5
853,GRNFPGDLLMVTYYLDV,17,ARDLVTYGLDV,11,0.5294117647058824
854,ARHQPPGHSYYYGIDI,16,ARESSRGSSYYYGMDV,16,0.5625
855,ATSHGVSFFAFGDY,14,ALSSGYSGYAGNY,13,0.5
856,AKGLGTSYDGSYTYFEN,17,AKEGWGYSYGSYYFDY,16,0.6111111111111112
857,ARLRVDRGMPP,11,ARLRWLRGKFDP,12,0.5833333333333334
858,ARDEPSGPPSSRYDYQY,17,AREDSGSSRLDY,12,0.5882352941176471
859,ARVDHDPYMDV,11,ARDLDYYGMDV,11,0.6666666666666666
860,AKEYNPRTCNAFDH,14,AAPYCSRTSCHDAFDI,16,0.5
861,AKLDLNPARGGPWDYDL,17,AKDWASGPTDYFDY,14,0.5
862,AKEQQYGESDKSSFDD,16,ARGRGYGSGSDSFDD,15,0.5
863,AKHRVTYSYFGADVI,15,ARETVSYGMDV,11,0.5333333333333333
864,VRDPGPGYYYGIDYYFDV,18,VRAPSYYYYYYMDV,14,0.5555555555555556
865,AKGREGPTDDGSYYYDI,17,AKGIAVAGTDDYYYYYGMDV,20,0.5
866,ARDRGSVGFDD,11,ARDRGGVGDAFDI,13,0.6923076923076923
867,AANVGGYVGFHFFNAFDY,18,AKNNGNYGSVWFANFFDY,18,0.5
868,ARHLASTAIYGEFFDY,16,ARHAFTYGDIDY,12,0.5625
869,ARDLGETISGDYSFEL,16,ARDFGEISGSENFDL,15,0.625
870,ARDDGPPLRVDHFDHDH,17,ARDSYGIPARGYFDH,15,0.5
871,TRDLYDVPWRGY,12,ARDSYGVPARGYFDY,15,0.5333333333333333
872,AREYHRGDGCGDYPDVYFDD,20,AKEGGFSDYYDVFDI,15,0.5
873,TSEIVLSASLGFIP,14,TREIRGYSYSLFDH,14,0.4666666666666667
874,AKHLNGDWTGPGHYSP,16,AKGWFGEWLGGIDP,14,0.4375
875,ASIHIELWYFYYYENFDF,18,ASTSSAWYKGYYFDF,15,0.5
876,ARDTDLTGFGEFMDV,15,ARDTATGGMDV,11,0.6666666666666666
877,ATDFGSSSPEYGYDLAFDF,19,AKETHYYDSSGSYGVGLAFDY,21,0.47619047619047616
878,AWWKPYSFGNGGDGSMDI,18,AKQNGPYCSGGNCYSGSYDY,20,0.45
879,ARTVCYAAGMYFDT,14,ARDFGYYAAGSYFDY,15,0.6
880,ARDSGYIGSDSAYYMRI,17,ARDSGYSGYGSTYYMDV,17,0.6470588235294118
881,ARGSELSYDDDMGYW,15,ARGVSETGYDVDHFDN,16,0.5
882,ARDTADIEPFAVEEHMDG,18,ARDEVIAVATGEGMDV,16,0.4444444444444444
883,AREFVFSNGYADPAGDY,17,ARLPAFSGYDLWASGDY,17,0.5555555555555556
884,AKVDGEPRVGGYFHYDY,17,AKDGPQAFGTYFDY,14,0.5294117647058824
885,AKDYFYHSGQPYGFNY,16,AKDLYYYDTGAPYYFDY,17,0.5882352941176471
886,ASGSGLVYGWHDWLDD,16,ARGGFNYGHGLDY,13,0.5
887,SAEVYHYYDSSYYGYLK,17,ASYYFDSSGYSYGMDV,16,0.47368421052631576
888,ARFGAYGGFFFIS,13,ARFGSYGRRLYDS,13,0.5384615384615384
889,AMVENIPYLLYAFDN,15,ARGEVQPFLLAFDI,14,0.5333333333333333
890,AKVLGYGTSISSEYFDN,17,ALARGYSASGSSYYFDN,17,0.5882352941176471
891,ARGRYRDDYGSRYGLEVEG,19,ARGEYFGYDYLGFYYGLDV,19,0.5238095238095238
892,ARDTAGGFDTGFFAT,15,ARDTYGGKVTYFDY,14,0.5333333333333333
893,AHDVGLSWGFGYP,13,AHLVGGLWGFDP,12,0.6153846153846154
894,AREQFIRGSYDYDMYADI,18,AREAFGAYDYYFDY,14,0.5555555555555556
895,ARAAGFCCSSSECSVHQ,17,ARAAPSHCSSTRCYDI,16,0.47058823529411764
896,ALLPGMASIRSTVLFDI,17,ARDALTSISVLFDC,14,0.47058823529411764
897,AKTQVPTDGNWASAFYY,17,AKDQNGDGERAFDY,14,0.47058823529411764
898,ARDDGLPEYTPH,12,AREGGSTTEYFPH,13,0.5384615384615384
899,ARRYRLGADIYHDF,14,ARDRGGDIFDF,11,0.5714285714285714
900,AGDGALATQDYCDY,14,AKDARASLDYFDY,13,0.5714285714285714
901,ARQAQDLYWGGFSW,14,ARDQDLYERAFDI,13,0.5
902,AHSEIVVIEDM,11,ARHQIVVLFDM,11,0.5454545454545454
903,TRLVERLDTGGYGGGDI,17,TKAQAPLDSGDYGGGFHI,18,0.5
904,VRDIVGGDRYYDYYGLDY,18,VRDPVGRYYYGMDV,14,0.6111111111111112
905,TRGSQYSSGSDWSLFDS,17,ARGRGYGSGSDSFDD,15,0.5882352941176471
906,AKDLYCPYPLSCYRFNL,17,AKDPTSLYCSGGSCYNNWFDP,21,0.45454545454545453
907,GRDYRPSDSYGYRDFEY,17,ARDPDSGWYYYFEY,14,0.5294117647058824
908,AKAAGSESIDYPYFDY,16,AKDARASLDYFDY,13,0.5625
909,ARSSAMVYSFLVCGFYFIH,19,ARESVDTSLVGGFYYFDY,18,0.5
910,ATEAWPPSLICSWEYAPAP,19,AREIPPPLGNTWFDP,15,0.3684210526315789
911,ARVPVVSQPDWSFDS,15,AREVSGSGWPFDS,13,0.5333333333333333
912,VHSRPGAGSYDYLFDP,16,ARGEGYDIPFDP,12,0.5
913,ARRRGGSVDYYGGSHDI,17,ARGDGGSYLGGAFDI,15,0.5882352941176471
914,ANERPPLTSGSGYGSEYFM,19,ARWPLSSGLGMGDY,14,0.47368421052631576
915,TRDMFDDDLTYFDP,14,ARDDGDYVTWFDP,13,0.5
916,AHGRGVPPFYDGYD,14,ARGRGSPPHYYFYFGLDV,18,0.5555555555555556
917,AKDGTGVPNDDDDDA,15,ARDFYGSGSPNDSHDY,16,0.47058823529411764
918,ARVIGGMNLSVSGPD,15,ARGGYSSGFDI,11,0.5
919,AAPYCNSTTSTDGFDL,16,AAPYCNRTTCRDGFDL,16,0.8125
920,AKPYGPPSSTGPDVYEL,17,ARLFPNGTPDSPTGPLDY,18,0.45
921,ARDLSYWNSSTQYALDYYY,19,ARTLSYYDSSGTLLYEDYFDY,21,0.5238095238095238
922,ARDARPYSNWAEDGRVYYMDI,21,ARDQGYSSSGSVYYMDV,17,0.5238095238095238
923,ARDVFCTGSDQNYANDF,17,ARDVVPSTRPGSDPYAFDI,19,0.55
924,ARDLWLYIGSGYDMFDY,17,ARDSSLYSGYDSHDY,15,0.6470588235294118
925,ARDDNDYSGDIALGYD,16,ARDNRDYGDALDY,13,0.625
926,AREGGDPLCGPR,12,AREGGGDILTGNEFEF,16,0.5
927,GRTVQRCPMDGNSTYAAFDY,20,ARDLRDQDGYSYGAFDY,17,0.5
928,ARDYGTSAMYVDV,13,ARGDYGTSYAYFDF,14,0.6428571428571429
929,ARLASYSSADGCDSDPIHF,19,ARLAYDGSLDDH,12,0.47368421052631576
930,ARGDYMPYNMYRQP,14,ARADYSDYDNYYFDY,15,0.4666666666666667
931,ARAHYTLGLFSSDS,14,ARAKYGLGSATSDY,14,0.5714285714285714
932,AKDLEVLSDPCGYADEG,17,AKDLVSSTSGGFDY,14,0.47058823529411764
933,ARGGYRYYVGPSYWMHD,17,ARGRGYSGYGASYYFDY,17,0.5
934,ASGVIDTTGFL,11,ARGVVGATPGSFDL,14,0.5
935,ARRLGSGWGYIYD,13,ARLSGSGWLGYAMDV,15,0.6
936,ARDAEGRGSIYYWYFDI,17,ARAEGGSWLGWFDP,14,0.5882352941176471
937,AREVGWHEGYDYR,13,ARERGTTGYDY,11,0.6153846153846154
938,ATGINSYTHGSYTDSYWVF,19,ATNSAGYGDSYETFDI,16,0.47619047619047616
939,ARLQRYYFGGDFGI,14,ARADRNYFGYEAFDI,15,0.5333333333333333
940,ATVRGYDVSSSHFDVDR,17,ATVRGYSGSGSNDYFDN,17,0.5294117647058824
941,ARGHDLYTSGRDLQFDA,17,ARGDFYSTRLAFDL,14,0.5882352941176471
942,TRREVRKFSYGGTFH,15,TREIRGYSYSLFDH,14,0.4666666666666667
943,ATDDPDYMVSWDLGFYY,17,ARDGPGDKMVTLFDY,15,0.5
944,ARDVTPVYGYGFDP,14,AKDYRPGDYGDYWGFDP,17,0.5882352941176471
945,GRSRSVMASYGLDP,14,ARELGRSVIAWYGGLEDY,18,0.5
946,ATTEVYRTDSGAYDY,15,ATTKFFYETGVGYYFDY,17,0.5294117647058824
947,AKDMGFYAFDGYFYYE,16,AKDGPQAFGTYFDY,14,0.5625
948,AKDPQGDLCGPNWDFAY,17,AKAPYGDFRGLWYFDY,16,0.5294117647058824
949,ARDMNYAYDSPYSSMYVYM,19,ARDGNQYYYDSGGDYYVNY,19,0.5
950,ARGKNYRSCWFEFRYDN,17,ARGRANYNSKFLLDN,15,0.5
951,ARGGVMYSSGAGYGRQG,17,ARGGIVGYSFGSWYFDL,17,0.5
952,ARDRGVGDPYDYYHYMGF,18,ARDDRRLGDYYYYYMDV,17,0.5789473684210527
953,ARQAGWDDGGYSAPIMYL,18,AKQAGPYCSGGSCYSAPFDY,20,0.5238095238095238
954,ARSNGGGFNSFILY,14,ARDNRGGNDFLDY,13,0.5714285714285714
955,ARDLARIDVVWFDL,14,ARDLAYRDYVWRYFDL,16,0.6875
956,ARVLPIYYALPSFVFDN,17,ARVEYYAAGSPFDY,14,0.5294117647058824
957,ARDSGPATFDW,11,ARDLGPYGFDI,11,0.6363636363636364
958,AKEFGGSLWGLVDF,14,AREGGSGWGDF,11,0.6428571428571429
959,AKNSGIYFVYHGSFSY,16,AKDPPNYYYYGSGSFEY,17,0.47058823529411764
960,ARMDWLHDPDLTPR,14,ARHFDWLLNDPDAFDV,16,0.5
961,ARVRSSRGGVEEATDV,16,ARVVFSRGGEGWFDP,15,0.5625
962,ARSPVFYAWLSYYYCFDI,18,ARKCRGYYDRSGYYYKCAFDI,21,0.5238095238095238
963,AKDVVYYYQAF,11,AKDAKVSYYYDVFDI,15,0.5333333333333333
964,ASFLGTSWYSSTMEF,15,ASTLGYSDYGSSPYMDV,17,0.5294117647058824
965,ARAVRADGGYYSDGYVDY,18,VRRDGGSYSGYDDY,14,0.6111111111111112
966,ARMIVLAGLMWDD,13,ARMVVRGVMLDY,12,0.5384615384615384
967,SRHPGFGEYYADLHS,15,ARDPAGFGEFGFDL,14,0.5
968,ARLQYYYDTTFPY,13,ARLMYYYGNFDY,12,0.6153846153846154
969,AREWYYYILFYLRD,14,ARGWATYYDILTGYSLFDY,19,0.5263157894736842
970,AKDGYVSGVGGPYYFDR,17,ARDLGYSSGGANYYFDY,17,0.6111111111111112
971,AREFILYDSAVSFYDV,16,AREDYYDSSGSFDH,14,0.5625
972,ARSPGGGGKGYLFDF,15,ARSPGGLFDF,10,0.6666666666666666
973,AREVHYLSYEFHFDDDY,17,ARERDYSDYFFDY,13,0.5294117647058824
974,VKSSGCLPRFY,11,VKDRESSGESSGFDY,15,0.4666666666666667
975,ARAGYDGWDFM,11,ARDRGYSSGWPDAFDM,16,0.5625
976,ATGADGGVGNSAYYRDY,17,ARGGMVGAEYYFDY,14,0.5294117647058824
977,AKALRPSRGWDYEYFDV,17,AKDRDDGWDWYYFMDV,16,0.5555555555555556
978,SAPPNANGHYSEYPDV,16,ASAPSPTNPQSHCSGTSCPLDV,22,0.45454545454545453
979,FRTFHSIYTYIYYGWYF,17,ARQWSHYTYDYYY,13,0.47058823529411764
980,ARGLAGGDMFLDVYALDY,18,ARGRLGGFDSYLDY,14,0.6111111111111112
981,AKENDQVQGDTTYSES,16,AENLQDDSGTLYSGG,15,0.4375
982,AKDDGCGSAIDYGSTDYL,18,AKDFGGGTRYDYWYFDL,17,0.5
983,AACLEFYLGVFWFYDS,16,AATSLVRGVDYFDS,14,0.4375
984,LKSYMGTAHSSTDA,14,AKKSGLYCGGSSCHSGTFDY,20,0.4
985,ARTYRISDLTIYDHV,15,ARETGYSSSGSVPYFHV,17,0.47058823529411764
986,AKVPSVEDGYIDSTWM,16,AKPFGYSGYDPDYSYDMDV,19,0.4
987,ARHNVQGVARGFDG,14,AHLVGGVWGFDP,12,0.5714285714285714
988,ASERWAGFLGYYFD,14,ASSQRPDGNLYYFDY,15,0.5625
989,ARLLLSSDDGSYKFTFDR,18,ARESGSYGTFDY,12,0.5
990,ARLSDMWYTDI,11,ARDLSTMGAFDI,12,0.5833333333333334
991,ARVMIPRYSGYEPPSNF,17,ARVKCGAESGYEPCWYFDL,19,0.47368421052631576
992,VSGIHGHEYGGYDY,14,GSGSEAHYGIDY,12,0.5
993,ARDGGYGGWVDSD,13,ARDGEWGGWFDP,12,0.6153846153846154
994,VRGEGEDYGGNFYDVDP,17,AREGDGYNFYFDY,13,0.5294117647058824
995,TREGPAAWYMTFMH,14,AREGSMWYSTYFDH,14,0.5333333333333333
996,AKGEDGRWDAFD,12,AKVGEVGSREWSAFDV,16,0.625
997,ARHLGGDYSNGFDI,14,ARGGYSSGFDI,11,0.7142857142857143
998,ARKQPYDGDNTSDYYGFGF,19,ARARRADNSGYYGFHFDC,18,0.47619047619047616
999,ARVGGDAENGWGPY,14,ARAGGFGELGFDY,13,0.5
1000,ARHLRDGGSDMYFLDP,16,ARDNRGGNDFLDY,13,0.5625
