property,latent_dim,metric,baseline_seq,baseline_len,delta_-3.0_seq,delta_-3.0_len,delta_0.0_seq,delta_0.0_len,delta_3.0_seq,delta_3.0_len,delta_-3.0_mean_length,delta_0.0_mean_length,delta_3.0_mean_length,delta_-3.0_mean_group_aromatic,delta_0.0_mean_group_aromatic,delta_3.0_mean_group_aromatic,delta_-3.0_mean_group_positive,delta_0.0_mean_group_positive,delta_3.0_mean_group_positive,delta_-3.0_mean_group_glycine,delta_0.0_mean_group_glycine,delta_3.0_mean_group_glycine
length,7,mean_length,ARDGGGGGYYYFDY,14,ARDGGYSGYGGGFDY,15,NA,NA,ARDLGGYGGFFDY,13,15.0,,13.0,,,,,,,,,
length,0,mean_length,ARDGGGGGYYYFDY,14,ARDGGGGGYYYFDY,14,NA,NA,ARDGGGGGYYYFDY,14,14.0,,14.0,,,,,,,,,
length,2,mean_length,ARDGGGGGYYYFDY,14,ARDGGGGGYYYFDY,14,NA,NA,ARDGGGGGYYYFDY,14,14.0,,14.0,,,,,,,,,
aromatic,14,mean_group_aromatic,ARDGGGGGYYYFDY,14,ARDGGGGGGYYFDY,14,NA,NA,ARDGGGGGYYYFDY,14,,,,0.2857142857142857,,0.3571428571428571,,,,,,
aromatic,11,mean_group_aromatic,ARDGGGGGYYYFDY,14,ARDGGGGGGYYFDY,14,NA,NA,ARDGGGGGYYYFDY,14,,,,0.2857142857142857,,0.3571428571428571,,,,,,
aromatic,29,mean_group_aromatic,ARDGGGGGYYYFDY,14,ARDGGGGGGYYFDY,14,NA,NA,ARDGGGGGYYYFDY,14,,,,0.2857142857142857,,0.3571428571428571,,,,,,
positive,7,mean_group_positive,ARDGGGGGYYYFDY,14,ARDGGYSGYGGGFDY,15,NA,NA,ARDLGGYGGFFDY,13,,,,,,,0.0666666666666666,,0.0769230769230769,,,
positive,0,mean_group_positive,ARDGGGGGYYYFDY,14,ARDGGGGGYYYFDY,14,NA,NA,ARDGGGGGYYYFDY,14,,,,,,,0.0714285714285714,,0.0714285714285714,,,
positive,2,mean_group_positive,ARDGGGGGYYYFDY,14,ARDGGGGGYYYFDY,14,NA,NA,ARDGGGGGYYYFDY,14,,,,,,,0.0714285714285714,,0.0714285714285714,,,
glycine,7,mean_group_glycine,ARDGGGGGYYYFDY,14,ARDGGYSGYGGGFDY,15,NA,NA,ARDLGGYGGFFDY,13,,,,,,,,,,0.4,,0.3076923076923077
glycine,3,mean_group_glycine,ARDGGGGGYYYFDY,14,ARDGGGGGYYYFDY,14,NA,NA,ARDGGGGGGYYFDY,14,,,,,,,,,,0.3571428571428571,,0.4285714285714285
glycine,15,mean_group_glycine,ARDGGGGGYYYFDY,14,ARDGGGGGYYYFDY,14,NA,NA,ARDGGGGGGYYFDY,14,,,,,,,,,,0.3571428571428571,,0.4285714285714285
